지점,지점명,일시,평균기온(°C),최저기온(°C),최고기온(°C),일강수량(mm),최대 풍속(m/s),평균 풍속(m/s),최소 상대습도(%),평균 상대습도(%),합계 일조시간(hr),합계 일사량(MJ/m2),일 최심신적설(cm),일 최심적설(cm),평균 전운량(1/10)
108,서울,2023-01-01,-0.2,-4.3,3.8,,5.3,2.7,28.2,55.0,9.0,10.81,,,1.3
108,서울,2023-01-02,-4.5,-7.4,-0.4,,4.4,2.5,31.9,46.0,9.1,11.63,,,0.0
108,서울,2023-01-03,-5.0,-9.0,0.6,,3.9,1.8,27.0,49.0,9.1,11.77,,,0.0
108,서울,2023-01-04,-1.8,-5.7,3.3,,4.2,1.9,33.7,51.0,8.7,10.89,,,1.9
108,서울,2023-01-05,-1.6,-5.6,3.6,,3.2,1.6,39.0,58.1,4.7,6.09,,,3.6
108,서울,2023-01-06,0.6,-4.7,5.7,3.9,4.1,2.2,48.0,71.9,7.1,8.78,3.6,3.6,5.8
108,서울,2023-01-07,1.5,-1.4,3.8,0.1,4.4,2.2,64.0,80.9,1.0,4.78,,3.6,5.6
108,서울,2023-01-08,1.3,-3.7,6.3,,3.0,1.7,46.0,69.3,7.1,9.37,,,3.0
108,서울,2023-01-09,3.1,-1.3,7.0,,4.7,2.3,43.0,60.1,7.8,10.53,,,3.3
108,서울,2023-01-10,1.6,-3.9,9.1,,2.7,1.5,39.0,59.9,8.8,11.33,,,1.4
108,서울,2023-01-11,2.6,-2.0,9.2,,3.3,1.6,30.0,61.9,8.8,10.86,,,1.4
108,서울,2023-01-12,5.9,-0.6,12.5,0.0,3.4,2.2,25.0,46.6,9.0,10.88,,,1.8
108,서울,2023-01-13,8.3,5.1,10.1,37.3,6.3,2.5,47.0,99.1,0.0,1.11,,,10.0
108,서울,2023-01-14,6.6,3.8,8.4,1.6,5.7,2.5,82.0,92.9,0.0,1.84,,,9.8
108,서울,2023-01-15,-0.2,-3.5,3.8,3.2,4.3,2.8,84.0,93.9,0.0,1.32,0.6,0.6,10.0
108,서울,2023-01-16,-4.6,-6.8,-1.2,0.0,4.3,2.7,42.0,63.1,8.8,12.95,,0.3,2.8
108,서울,2023-01-17,-3.7,-7.0,-0.4,0.0,3.0,1.8,46.0,65.1,0.2,5.27,,,8.8
108,서울,2023-01-18,-1.9,-4.6,2.2,0.0,4.4,2.0,27.0,60.5,8.9,12.71,,,1.1
108,서울,2023-01-19,-0.4,-6.0,4.3,1.0,5.2,2.5,47.0,69.3,3.1,7.63,,,6.3
108,서울,2023-01-20,-3.3,-7.7,2.0,,6.9,3.7,30.0,52.4,8.7,13.49,,,0.3
108,서울,2023-01-21,-4.5,-10.5,1.5,,3.5,1.8,36.0,55.4,8.5,12.37,,,2.0
108,서울,2023-01-22,-0.6,-2.8,2.6,0.0,4.8,2.6,53.0,62.8,0.3,4.41,,,7.5
108,서울,2023-01-23,-0.8,-6.9,4.6,,6.0,2.7,46.0,66.6,7.3,10.15,,,5.3
108,서울,2023-01-24,-14.7,-17.0,-6.9,0.0,7.0,4.6,39.0,51.9,9.4,14.08,,,1.0
108,서울,2023-01-25,-11.3,-17.3,-5.4,0.0,3.8,2.1,27.0,45.1,9.4,14.08,,,1.6
108,서울,2023-01-26,-6.0,-9.0,-3.5,0.8,4.1,2.5,52.0,80.1,0.0,4.51,4.5,4.5,8.5
108,서울,2023-01-27,-7.3,-9.6,-3.8,,7.5,3.5,35.0,56.5,9.4,14.1,,1.7,0.0
108,서울,2023-01-28,-6.0,-11.2,-0.6,0.0,5.1,2.4,39.0,54.9,9.0,12.58,,,1.0
108,서울,2023-01-29,-1.8,-8.0,4.9,,5.9,2.6,49.0,58.3,5.2,9.79,,,2.5
108,서울,2023-01-30,-0.9,-4.4,4.2,,4.3,2.1,31.0,55.9,9.5,14.17,,,0.0
108,서울,2023-01-31,2.4,-3.5,7.8,,5.3,2.7,48.0,69.1,3.0,6.5,,,5.4
108,서울,2023-02-01,0.9,-3.0,6.0,,6.2,3.2,37.0,68.4,8.9,13.24,,,2.5
108,서울,2023-02-02,-2.4,-5.1,1.4,,4.3,2.5,36.0,50.3,7.6,10.94,,,5.5
108,서울,2023-02-03,-1.6,-3.9,3.4,,3.8,2.2,22.0,47.4,8.6,13.54,,,3.0
108,서울,2023-02-04,-0.2,-5.2,6.0,,4.6,2.0,33.0,49.8,8.2,13.23,,,0.9
108,서울,2023-02-05,1.7,-3.3,7.1,,4.0,1.8,49.0,71.0,7.0,11.35,,,2.3
108,서울,2023-02-06,3.0,-1.7,8.8,,3.4,1.6,50.0,72.3,7.1,10.69,,,3.6
108,서울,2023-02-07,3.5,-0.6,9.5,,3.2,1.5,50.0,72.9,6.4,10.12,,,3.4
108,서울,2023-02-08,2.1,-1.3,7.8,,4.3,2.5,31.0,62.1,9.5,14.82,,,0.3
108,서울,2023-02-09,4.0,-2.8,9.9,0.0,4.4,2.5,32.0,49.9,6.7,12.36,,,6.5
108,서울,2023-02-10,3.8,1.1,6.2,0.6,4.3,2.2,69.0,79.6,2.0,7.07,,,6.1
108,서울,2023-02-11,2.8,-1.2,8.5,,2.9,1.8,50.0,73.0,5.5,10.9,,,3.4
108,서울,2023-02-12,3.7,-0.9,7.6,,4.1,1.8,54.0,70.0,2.0,8.48,,,6.9
108,서울,2023-02-13,5.9,2.7,8.4,,4.2,2.3,56.0,66.5,0.8,5.44,,,7.3
108,서울,2023-02-14,1.7,-2.5,6.6,,4.8,2.7,38.0,54.9,9.5,15.95,,,1.6
108,서울,2023-02-15,3.2,-1.2,8.9,,4.5,2.5,33.0,46.4,9.4,15.24,,,3.9
108,서울,2023-02-16,2.3,-0.7,4.5,0.0,5.0,2.7,51.0,68.3,1.9,6.45,,,5.4
108,서울,2023-02-17,3.4,-1.5,9.8,,3.0,1.8,40.0,67.8,7.5,13.67,,,5.0
108,서울,2023-02-18,5.7,3.0,8.1,,2.6,1.5,45.0,58.3,0.0,2.91,,,9.9
108,서울,2023-02-19,3.5,0.2,6.1,0.4,6.8,3.3,29.0,56.1,7.0,14.47,,,3.9
108,서울,2023-02-20,-0.5,-3.5,2.4,,6.4,3.3,27.0,46.4,9.5,18.16,,,0.0
108,서울,2023-02-21,-1.3,-5.3,4.8,,4.7,2.1,23.0,42.4,10.0,18.25,,,0.1
108,서울,2023-02-22,1.2,-4.5,8.4,,3.7,2.2,21.0,50.6,9.2,17.0,,,5.5
108,서울,2023-02-23,2.9,-1.8,9.2,,4.0,1.9,36.0,65.5,10.0,15.87,,,2.5
108,서울,2023-02-24,3.5,-0.4,8.5,,6.5,3.0,25.0,57.9,9.8,17.42,,,1.8
108,서울,2023-02-25,0.7,-2.9,5.7,,4.9,2.9,27.0,44.0,10.2,18.6,,,0.0
108,서울,2023-02-26,2.2,-3.4,9.4,,4.4,2.1,25.0,46.6,10.4,18.83,,,0.0
108,서울,2023-02-27,4.4,-1.8,12.4,,4.1,1.9,24.0,47.4,10.5,18.65,,,0.0
108,서울,2023-02-28,4.3,-0.7,8.7,,4.5,2.0,44.0,63.4,3.0,10.26,,,5.5
108,서울,2023-03-01,6.0,2.9,9.0,,7.0,3.1,27.0,54.4,4.1,10.19,,,5.4
108,서울,2023-03-02,2.2,-1.8,6.6,,5.5,2.8,22.0,37.8,10.5,19.45,,,0.0
108,서울,2023-03-03,4.6,-1.9,10.4,,5.0,2.1,48.0,65.0,7.5,15.67,,,3.8
108,서울,2023-03-04,7.7,3.7,14.1,,3.5,1.9,35.0,68.4,8.7,14.91,,,4.8
108,서울,2023-03-05,8.0,2.5,15.4,,4.1,1.7,24.0,54.0,10.1,17.21,,,0.0
108,서울,2023-03-06,9.2,2.2,16.5,,4.7,2.1,18.0,41.9,10.0,18.63,,,1.1
108,서울,2023-03-07,11.7,6.3,19.4,,4.1,2.3,40.0,60.9,7.0,15.35,,,2.1
108,서울,2023-03-08,12.5,7.4,17.7,1.2,4.6,2.0,41.0,66.3,1.8,8.39,,,7.0
108,서울,2023-03-09,10.3,7.4,13.1,3.7,5.0,2.3,71.0,85.9,2.0,6.52,,,5.1
108,서울,2023-03-10,13.5,6.2,22.2,,3.4,2.1,27.0,62.1,9.6,17.03,,,0.0
108,서울,2023-03-11,15.2,10.2,22.8,,5.6,2.4,20.0,52.0,7.6,16.95,,,5.9
108,서울,2023-03-12,5.9,0.6,12.6,5.6,7.3,3.7,40.0,68.0,0.8,3.68,,,5.9
108,서울,2023-03-13,2.9,-1.9,7.6,,6.5,3.2,22.0,38.9,9.8,20.79,,,3.1
108,서울,2023-03-14,9.2,3.3,15.4,,6.5,2.9,23.0,45.9,9.1,19.73,,,3.4
108,서울,2023-03-15,8.6,3.5,14.4,,6.9,3.0,33.0,66.6,1.2,5.62,,,6.4
108,서울,2023-03-16,4.6,0.4,9.0,,4.5,2.4,19.0,36.8,6.7,18.09,,,5.5
108,서울,2023-03-17,7.2,0.7,12.7,,3.1,1.7,20.0,34.3,4.4,13.94,,,8.0
108,서울,2023-03-18,7.7,2.5,14.0,,5.8,2.6,22.0,46.4,9.9,19.07,,,1.9
108,서울,2023-03-19,8.3,2.3,15.2,,4.3,2.1,29.0,59.6,11.1,21.25,,,0.4
108,서울,2023-03-20,9.5,2.6,17.1,,3.7,1.6,23.0,50.4,10.0,20.06,,,2.8
108,서울,2023-03-21,13.0,5.0,22.2,,3.4,1.7,13.0,35.1,10.8,21.6,,,1.1
108,서울,2023-03-22,17.0,9.2,25.1,,4.6,1.8,28.0,44.8,6.2,16.64,,,6.4
108,서울,2023-03-23,17.4,12.3,23.3,0.0,5.7,2.5,31.0,48.9,5.3,14.5,,,5.6
108,서울,2023-03-24,12.5,7.6,18.3,,3.8,2.3,27.0,36.8,6.6,16.13,,,8.0
108,서울,2023-03-25,12.5,8.0,18.7,,4.5,2.3,41.0,59.9,5.7,15.13,,,4.1
108,서울,2023-03-26,9.4,4.7,14.0,,5.9,3.6,16.0,34.0,11.1,24.36,,,0.8
108,서울,2023-03-27,7.3,1.9,14.5,,5.6,2.3,21.0,44.8,11.1,22.88,,,1.1
108,서울,2023-03-28,9.2,2.8,15.7,,4.6,2.1,22.0,53.3,7.4,18.44,,,2.9
108,서울,2023-03-29,11.8,5.1,19.7,,4.6,1.9,20.0,50.3,11.0,21.79,,,0.3
108,서울,2023-03-30,13.3,6.4,21.2,,4.4,2.2,21.0,42.5,11.5,23.58,,,1.1
108,서울,2023-03-31,15.0,7.5,23.9,,4.6,2.1,23.0,42.5,11.2,22.99,,,0.0
108,서울,2023-04-01,17.5,9.4,25.6,,4.5,1.8,19.0,40.4,10.8,21.48,,,1.8
108,서울,2023-04-02,18.8,11.9,25.2,,5.9,2.4,16.0,29.6,11.7,24.08,,,0.4
108,서울,2023-04-03,19.0,11.3,25.9,,4.3,2.3,16.0,29.4,11.0,22.95,,,4.1
108,서울,2023-04-04,17.6,12.7,21.7,6.9,6.1,2.6,16.0,40.4,1.6,10.78,,,9.1
108,서울,2023-04-05,11.9,8.7,14.9,50.3,5.8,3.4,90.0,97.8,0.0,1.56,,,10.0
108,서울,2023-04-06,8.8,7.4,9.7,2.7,4.6,2.5,84.0,94.6,0.0,2.15,,,9.8
108,서울,2023-04-07,8.9,4.6,15.7,,7.0,2.9,36.0,65.0,10.4,23.34,,,1.5
108,서울,2023-04-08,8.8,3.1,14.9,,7.0,3.2,25.0,51.1,11.9,25.74,,,0.4
108,서울,2023-04-09,10.8,3.5,17.8,,6.0,2.5,33.0,56.8,12.0,25.54,,,0.0
108,서울,2023-04-10,13.2,6.2,19.1,,6.3,2.7,31.0,50.8,10.1,22.29,,,2.6
108,서울,2023-04-11,13.1,9.2,17.4,2.9,9.3,3.6,43.0,73.4,0.0,2.01,,,6.5
108,서울,2023-04-12,10.1,4.8,15.3,,7.2,2.7,17.0,45.1,10.7,24.87,,,0.8
108,서울,2023-04-13,11.9,5.1,17.2,0.0,3.5,1.8,18.0,45.0,4.4,16.17,,,5.1
108,서울,2023-04-14,16.2,11.9,21.3,,4.5,1.6,39.0,58.6,3.3,14.25,,,8.1
108,서울,2023-04-15,13.5,9.3,16.6,4.6,4.4,2.2,63.0,81.8,2.3,9.5,,,7.4
108,서울,2023-04-16,10.8,7.5,16.1,0.0,6.6,2.5,38.0,71.4,3.2,14.45,,,6.9
108,서울,2023-04-17,13.1,6.8,18.1,,4.2,2.0,36.0,59.0,6.1,17.76,,,6.1
108,서울,2023-04-18,14.0,10.7,18.4,1.5,5.3,2.7,46.0,78.6,3.6,10.85,,,6.4
108,서울,2023-04-19,19.1,11.5,28.4,,4.6,2.4,25.0,66.1,12.3,27.82,,,2.3
108,서울,2023-04-20,15.8,14.5,18.9,0.5,4.6,2.4,81.0,92.1,0.0,4.12,,,9.5
108,서울,2023-04-21,16.7,11.4,22.8,,4.9,2.5,18.0,50.4,7.8,21.05,,,3.8
108,서울,2023-04-22,16.9,12.2,22.5,,5.0,2.6,14.0,22.9,5.6,21.2,,,7.6
108,서울,2023-04-23,16.1,10.7,22.1,,4.8,2.1,19.0,34.1,4.4,19.47,,,8.0
108,서울,2023-04-24,15.8,11.5,21.3,,5.1,2.7,30.0,40.5,7.8,20.31,,,5.8
108,서울,2023-04-25,10.9,9.0,13.2,0.4,4.3,1.9,45.0,68.6,0.0,5.22,,,9.4
108,서울,2023-04-26,10.2,7.4,13.5,0.0,5.7,3.1,47.0,69.9,4.1,15.52,,,4.5
108,서울,2023-04-27,12.9,5.1,20.0,,4.2,1.9,26.0,61.6,12.2,26.55,,,0.5
108,서울,2023-04-28,15.7,9.0,21.3,1.9,5.4,2.1,26.0,62.0,8.4,21.25,,,6.4
108,서울,2023-04-29,13.2,9.9,15.8,25.1,6.4,2.9,68.0,88.1,0.8,6.04,,,9.6
108,서울,2023-04-30,12.7,7.9,17.9,0.1,5.9,3.3,39.0,72.9,5.8,19.71,,,6.1
108,서울,2023-05-01,14.6,9.8,20.8,,5.2,2.5,27.0,57.0,11.4,26.8,,,3.0
108,서울,2023-05-02,16.7,9.1,23.7,,3.8,2.1,21.0,40.5,8.2,21.58,,,6.6
108,서울,2023-05-03,19.5,12.4,26.2,,4.9,2.1,23.0,52.5,10.4,26.2,,,4.5
108,서울,2023-05-04,21.4,15.6,25.8,,4.2,2.1,50.0,65.5,2.5,16.89,,,7.9
108,서울,2023-05-05,18.4,15.5,21.6,30.2,5.5,2.5,61.0,95.3,0.0,1.74,,,10.0
108,서울,2023-05-06,12.6,11.7,15.5,47.5,8.6,5.4,56.0,85.6,0.0,5.42,,,9.3
108,서울,2023-05-07,14.4,11.1,18.6,,4.8,2.6,36.0,47.1,2.2,12.18,,,7.1
108,서울,2023-05-08,15.3,7.9,22.0,,4.8,2.2,31.0,55.3,12.7,28.55,,,2.4
108,서울,2023-05-09,17.0,10.0,24.4,,5.1,2.3,31.0,55.4,12.8,28.29,,,0.9
108,서울,2023-05-10,18.4,10.7,26.0,,3.7,1.8,25.0,53.3,12.7,25.58,,,2.5
108,서울,2023-05-11,19.5,12.8,26.7,,4.6,2.3,26.0,50.1,12.9,27.64,,,2.9
108,서울,2023-05-12,18.4,13.1,24.7,,3.6,1.8,24.0,50.9,6.7,19.9,,,5.0
108,서울,2023-05-13,17.8,12.6,23.9,0.0,4.7,2.0,35.0,62.0,8.8,23.86,,,3.6
108,서울,2023-05-14,18.1,12.9,23.8,,4.7,2.0,35.0,56.5,9.6,25.41,,,1.6
108,서울,2023-05-15,20.6,12.8,27.9,,4.6,2.4,32.0,54.6,11.6,26.49,,,2.0
108,서울,2023-05-16,24.0,17.2,31.2,,5.0,2.5,33.0,51.9,12.1,27.62,,,2.1
108,서울,2023-05-17,23.5,18.6,28.7,,7.2,3.4,34.0,63.6,11.4,27.59,,,4.6
108,서울,2023-05-18,21.2,18.8,27.6,1.3,4.6,2.1,48.0,74.8,1.4,13.7,,,7.1
108,서울,2023-05-19,22.3,16.7,27.8,,4.5,2.3,41.0,61.4,9.4,25.57,,,2.4
108,서울,2023-05-20,21.2,16.6,26.7,,6.7,3.0,51.0,66.9,9.7,25.72,,,5.0
108,서울,2023-05-21,17.8,15.3,21.9,0.2,4.8,3.0,46.0,74.0,5.8,20.72,,,9.0
108,서울,2023-05-22,20.3,15.9,26.8,0.0,4.2,1.9,31.0,61.3,7.9,23.93,,,6.3
108,서울,2023-05-23,20.5,14.1,26.9,,4.4,2.2,27.0,48.0,13.2,29.85,,,0.6
108,서울,2023-05-24,20.6,14.8,25.9,,3.8,2.0,34.0,49.8,6.2,19.16,,,7.0
108,서울,2023-05-25,21.2,15.7,27.4,0.0,5.6,2.4,27.0,46.6,10.4,27.9,,,5.4
108,서울,2023-05-26,21.4,15.8,27.3,0.5,4.9,2.1,38.0,57.4,10.7,26.25,,,7.0
108,서울,2023-05-27,19.3,18.6,20.7,31.8,3.3,1.7,65.0,87.4,0.0,3.13,,,9.6
108,서울,2023-05-28,19.2,18.4,20.2,41.8,5.3,1.8,83.0,98.9,0.0,2.46,,,10.0
108,서울,2023-05-29,23.2,19.0,28.5,2.3,3.0,1.6,58.0,83.4,4.1,15.87,,,6.8
108,서울,2023-05-30,24.0,20.5,28.9,,4.9,2.2,48.0,69.5,3.7,18.2,,,6.5
108,서울,2023-05-31,22.8,18.8,28.2,,4.3,2.5,45.0,60.8,7.1,23.98,,,6.5
108,서울,2023-06-01,22.8,19.7,26.3,,3.4,1.9,56.0,66.9,2.2,15.18,,,8.3
108,서울,2023-06-02,20.4,17.9,25.0,0.0,4.7,2.3,59.0,77.4,5.2,14.24,,,3.5
108,서울,2023-06-03,22.0,16.6,27.8,,6.0,2.7,31.0,60.1,13.3,31.19,,,2.1
108,서울,2023-06-04,22.1,16.9,28.0,,5.7,2.4,28.0,61.0,11.1,28.74,,,3.3
108,서울,2023-06-05,21.5,17.6,26.3,,5.5,2.6,47.0,66.9,10.9,26.6,,,4.4
108,서울,2023-06-06,20.3,17.3,25.2,0.0,5.5,2.6,50.0,72.9,7.9,21.98,,,6.1
108,서울,2023-06-07,21.4,18.9,25.7,0.0,3.6,2.1,63.0,75.3,1.0,10.07,,,8.9
108,서울,2023-06-08,20.4,18.3,23.9,1.9,4.9,2.4,65.0,80.5,0.9,10.19,,,8.4
108,서울,2023-06-09,23.3,18.3,28.4,1.2,4.4,2.0,32.0,64.0,11.8,28.15,,,4.6
108,서울,2023-06-10,23.2,19.6,28.5,0.8,7.5,2.3,48.0,70.0,5.6,18.18,,,6.9
108,서울,2023-06-11,22.1,17.9,27.3,32.2,3.9,2.2,53.0,76.1,6.4,21.1,,,6.1
108,서울,2023-06-12,22.2,18.4,27.5,0.0,4.5,1.7,47.0,70.5,6.7,19.9,,,6.6
108,서울,2023-06-13,22.0,19.2,26.0,0.0,5.0,2.2,50.0,70.0,9.9,25.43,,,3.9
108,서울,2023-06-14,20.6,17.5,25.0,30.6,3.6,1.5,53.0,80.3,4.2,13.12,,,4.1
108,서울,2023-06-15,22.7,17.7,28.3,,4.7,2.1,50.0,70.8,8.8,25.05,,,2.9
108,서울,2023-06-16,23.7,19.1,28.9,,4.2,2.1,45.0,64.4,12.5,29.89,,,0.9
108,서울,2023-06-17,24.2,18.9,30.2,,4.1,2.0,39.0,57.1,10.8,27.4,,,4.4
108,서울,2023-06-18,25.9,20.8,32.6,,4.1,2.0,43.0,60.5,12.3,28.79,,,3.4
108,서울,2023-06-19,28.5,23.3,34.0,,4.3,2.2,42.0,57.8,11.0,25.29,,,3.3
108,서울,2023-06-20,24.7,21.4,26.4,6.4,5.3,1.9,51.0,64.5,0.0,5.89,,,8.8
108,서울,2023-06-21,20.5,19.2,22.1,24.9,3.5,2.1,83.0,92.6,0.0,4.79,,,9.4
108,서울,2023-06-22,22.5,18.9,26.4,0.0,4.9,2.2,61.0,77.1,6.9,21.48,,,6.3
108,서울,2023-06-23,24.4,20.0,29.9,,3.2,1.5,50.0,76.6,5.3,18.74,,,5.0
108,서울,2023-06-24,26.4,21.9,31.1,,4.0,2.0,55.0,70.5,9.7,21.93,,,1.5
108,서울,2023-06-25,28.2,22.8,33.1,,4.0,2.1,47.0,64.9,8.7,23.62,,,5.8
108,서울,2023-06-26,24.2,22.3,27.5,30.3,6.0,2.9,59.0,88.6,0.0,3.39,,,10.0
108,서울,2023-06-27,25.3,21.4,29.1,2.5,6.1,3.2,51.0,73.1,6.8,20.95,,,6.5
108,서울,2023-06-28,26.5,24.2,30.1,0.0,4.1,2.5,60.0,77.4,3.8,18.56,,,8.1
108,서울,2023-06-29,24.2,23.2,25.9,63.8,4.9,2.3,85.0,95.4,0.0,2.31,,,10.0
108,서울,2023-06-30,25.3,23.2,29.1,1.0,3.3,1.8,72.0,89.8,1.4,10.02,,,7.4
108,서울,2023-07-01,27.7,23.3,32.9,,4.5,2.0,58.0,76.9,12.4,29.21,,,1.4
108,서울,2023-07-02,26.7,23.5,30.6,,3.3,1.9,64.0,79.5,4.3,19.16,,,6.6
108,서울,2023-07-03,29.1,24.1,34.9,,4.1,1.8,40.0,72.0,8.8,25.34,,,4.9
108,서울,2023-07-04,26.1,24.5,29.2,61.8,4.9,2.3,68.0,86.8,0.0,6.08,,,9.8
108,서울,2023-07-05,24.5,22.1,27.1,15.3,7.0,3.7,68.0,82.6,4.5,19.96,,,5.9
108,서울,2023-07-06,27.3,22.4,31.8,,5.9,2.7,56.0,70.9,8.8,25.47,,,6.3
108,서울,2023-07-07,26.7,23.3,31.4,,5.7,2.3,46.0,64.9,8.7,23.96,,,4.1
108,서울,2023-07-08,25.6,22.4,29.7,,3.9,2.2,64.0,76.5,1.6,13.93,,,7.6
108,서울,2023-07-09,24.7,21.6,27.0,47.5,6.1,2.0,78.0,86.4,1.1,8.07,,,8.8
108,서울,2023-07-10,26.3,22.9,30.9,11.5,5.8,2.3,58.0,80.4,5.9,18.41,,,7.3
108,서울,2023-07-11,23.5,21.6,25.9,58.3,5.2,1.9,79.0,92.4,0.0,2.21,,,9.4
108,서울,2023-07-12,25.8,22.0,29.1,0.7,3.4,1.5,72.0,86.4,1.2,12.34,,,9.4
108,서울,2023-07-13,25.2,24.7,26.5,91.6,3.5,1.6,84.0,95.0,0.0,2.63,,,10.0
108,서울,2023-07-14,24.6,23.9,25.1,72.7,4.8,2.9,96.0,99.1,0.0,1.52,,,10.0
108,서울,2023-07-15,24.5,23.7,25.7,2.3,5.8,3.0,85.0,93.5,0.0,3.16,,,9.9
108,서울,2023-07-16,24.6,23.7,25.4,9.7,5.0,2.3,80.0,89.5,0.0,5.31,,,9.3
108,서울,2023-07-17,25.5,23.7,27.8,1.4,4.2,1.7,76.0,86.1,0.4,10.78,,,9.0
108,서울,2023-07-18,25.2,24.1,27.7,2.3,3.1,1.4,75.0,87.9,2.0,7.94,,,8.0
108,서울,2023-07-19,27.2,22.5,32.4,,4.7,1.7,55.0,78.8,11.5,26.41,,,2.3
108,서울,2023-07-20,27.9,24.0,32.8,,3.9,1.8,51.0,74.0,9.9,24.17,,,2.9
108,서울,2023-07-21,29.5,24.6,34.3,,3.5,1.8,48.0,69.6,10.2,23.64,,,2.3
108,서울,2023-07-22,27.7,24.6,32.5,12.3,5.2,2.6,51.0,73.9,6.4,17.66,,,6.6
108,서울,2023-07-23,25.2,24.5,25.8,40.2,4.4,2.1,87.0,94.3,0.0,2.37,,,10.0
108,서울,2023-07-24,26.9,24.6,30.0,0.4,3.5,2.0,69.0,83.1,3.2,14.08,,,7.3
108,서울,2023-07-25,27.8,25.8,30.5,5.6,5.6,2.7,68.0,80.5,3.5,16.84,,,7.1
108,서울,2023-07-26,27.6,24.9,31.1,1.0,4.9,2.2,69.0,80.9,3.0,15.79,,,7.6
108,서울,2023-07-27,28.4,24.4,32.2,0.0,3.5,1.9,59.0,78.1,6.8,18.25,,,5.9
108,서울,2023-07-28,29.5,25.4,34.1,,4.3,2.1,52.0,72.4,9.5,23.36,,,3.3
108,서울,2023-07-29,29.1,26.1,33.3,,4.8,2.0,52.0,72.1,6.8,18.5,,,4.4
108,서울,2023-07-30,28.8,24.9,34.9,25.0,4.8,1.9,49.0,72.5,9.1,21.99,,,4.8
108,서울,2023-07-31,28.7,25.6,33.4,0.3,4.0,1.7,60.0,76.3,6.5,20.26,,,6.4
108,서울,2023-08-01,29.9,25.5,34.2,,3.1,1.9,55.0,71.6,10.3,21.25,,,4.1
108,서울,2023-08-02,29.7,26.8,33.7,,4.8,2.1,48.0,67.8,11.2,24.81,,,4.0
108,서울,2023-08-03,29.5,25.8,33.8,,4.0,2.1,54.0,67.0,11.0,25.4,,,3.9
108,서울,2023-08-04,30.0,26.5,34.4,,3.9,1.9,53.0,67.6,9.6,23.13,,,4.3
108,서울,2023-08-05,30.3,26.4,34.9,,4.7,2.0,50.0,69.0,12.7,27.31,,,2.8
108,서울,2023-08-06,29.8,27.0,33.0,4.9,7.7,1.7,63.0,76.5,3.8,12.95,,,5.8
108,서울,2023-08-07,30.4,27.3,34.6,,4.5,2.7,56.0,68.4,5.8,15.83,,,4.4
108,서울,2023-08-08,30.9,26.4,35.8,,4.3,2.9,47.0,60.5,11.0,23.96,,,2.4
108,서울,2023-08-09,28.3,25.1,31.6,0.2,5.9,3.2,57.0,67.6,3.3,13.66,,,8.0
108,서울,2023-08-10,22.2,20.9,25.1,86.1,8.9,3.7,80.0,91.9,0.0,2.42,,,10.0
108,서울,2023-08-11,23.5,21.6,24.9,46.7,6.2,2.3,83.0,93.1,0.0,3.94,,,10.0
108,서울,2023-08-12,23.3,22.5,24.1,1.5,3.2,1.9,82.0,91.0,0.1,4.19,,,8.9
108,서울,2023-08-13,27.0,22.6,31.1,,2.8,1.7,58.0,76.9,2.7,17.49,,,8.3
108,서울,2023-08-14,28.1,24.8,31.9,,3.9,1.6,60.0,75.4,3.9,13.71,,,4.0
108,서울,2023-08-15,28.6,24.7,32.7,,4.7,2.3,58.0,71.4,7.7,21.84,,,6.5
108,서울,2023-08-16,27.3,24.7,31.6,0.3,3.8,2.1,58.0,72.0,3.7,15.46,,,4.5
108,서울,2023-08-17,28.2,24.5,32.4,,3.2,1.7,52.0,73.0,6.2,18.24,,,4.6
108,서울,2023-08-18,29.1,25.5,33.3,0.1,3.9,1.9,56.0,72.1,7.3,19.56,,,3.1
108,서울,2023-08-19,29.1,26.4,33.6,,4.1,1.9,54.0,68.9,9.1,21.24,,,3.9
108,서울,2023-08-20,28.3,25.5,31.8,0.0,3.1,1.6,56.0,71.8,3.6,15.87,,,7.3
108,서울,2023-08-21,29.5,26.0,33.6,0.0,5.4,2.4,55.0,69.8,6.4,19.04,,,6.6
108,서울,2023-08-22,27.6,25.8,32.2,42.6,7.2,2.4,61.0,80.3,1.3,10.5,,,9.0
108,서울,2023-08-23,24.8,23.2,27.2,41.8,4.4,2.2,80.0,91.3,0.1,3.33,,,9.6
108,서울,2023-08-24,25.1,22.3,27.8,5.2,4.1,2.8,75.0,84.8,1.5,12.56,,,9.0
108,서울,2023-08-25,26.5,24.0,30.0,0.0,4.7,2.6,60.0,77.9,8.3,20.42,,,5.0
108,서울,2023-08-26,26.4,23.3,30.3,,4.0,1.8,49.0,72.3,7.3,19.84,,,6.4
108,서울,2023-08-27,26.1,22.7,29.6,0.0,3.2,1.8,62.0,75.0,1.2,12.0,,,8.9
108,서울,2023-08-28,22.7,20.8,25.6,10.4,5.1,3.3,73.0,87.5,0.0,3.99,,,10.0
108,서울,2023-08-29,23.9,22.5,25.5,54.8,3.9,2.1,80.0,89.6,0.0,2.87,,,9.4
108,서울,2023-08-30,22.8,21.5,24.5,3.5,2.4,1.1,75.0,88.0,0.0,4.42,,,9.8
108,서울,2023-08-31,23.9,21.0,28.9,,3.5,1.3,48.0,76.9,7.0,18.53,,,6.0
108,서울,2023-09-01,24.5,19.7,29.6,,3.7,2.0,42.0,70.6,12.1,24.59,,,0.5
108,서울,2023-09-02,25.4,19.7,30.8,,3.7,1.6,39.0,63.9,11.3,23.72,,,4.6
108,서울,2023-09-03,25.8,23.1,28.8,0.1,3.3,2.2,67.0,77.8,1.9,12.19,,,8.1
108,서울,2023-09-04,27.0,24.3,30.2,0.3,3.5,1.8,65.0,79.9,0.7,10.24,,,9.1
108,서울,2023-09-05,28.5,25.0,32.8,0.0,3.9,1.8,54.0,69.5,7.0,19.14,,,6.4
108,서울,2023-09-06,27.9,24.0,32.1,,4.4,2.4,45.0,65.1,11.3,22.64,,,1.1
108,서울,2023-09-07,26.3,20.9,31.6,,4.4,2.5,37.0,54.8,12.1,24.56,,,0.0
108,서울,2023-09-08,25.3,19.6,30.5,,4.5,2.3,42.0,60.3,12.0,24.13,,,0.4
108,서울,2023-09-09,25.8,20.8,31.2,,4.1,1.8,45.0,66.3,10.9,22.64,,,3.3
108,서울,2023-09-10,25.7,22.0,29.6,,3.4,1.6,53.0,68.1,5.7,14.57,,,6.1
108,서울,2023-09-11,25.5,23.1,29.8,,3.8,1.9,50.0,67.3,5.1,14.79,,,6.5
108,서울,2023-09-12,25.7,21.7,29.8,,3.4,1.5,55.0,69.8,3.5,12.52,,,7.4
108,서울,2023-09-13,22.1,19.6,24.6,15.9,4.2,1.8,70.0,84.5,0.0,3.35,,,9.9
108,서울,2023-09-14,23.4,19.2,27.2,,4.1,2.4,60.0,72.4,4.2,13.7,,,7.6
108,서울,2023-09-15,22.3,20.3,24.3,2.1,3.9,2.6,67.0,82.3,0.1,5.35,,,9.8
108,서울,2023-09-16,23.9,22.0,26.6,38.7,2.6,1.7,76.0,87.8,0.1,6.3,,,9.9
108,서울,2023-09-17,24.7,22.0,28.0,3.0,3.3,1.4,68.0,84.8,3.3,12.49,,,8.0
108,서울,2023-09-18,24.7,22.1,28.9,,5.0,1.9,58.0,79.1,4.9,13.83,,,3.8
108,서울,2023-09-19,24.1,21.6,27.2,,3.6,1.6,62.0,81.1,1.3,8.98,,,8.6
108,서울,2023-09-20,20.6,18.8,23.9,35.8,5.1,2.7,80.0,90.4,0.0,2.53,,,9.4
108,서울,2023-09-21,20.1,17.5,23.6,0.0,5.2,2.3,53.0,70.9,2.4,13.28,,,7.1
108,서울,2023-09-22,20.5,15.2,26.7,,3.3,1.7,37.0,68.4,10.4,20.37,,,2.0
108,서울,2023-09-23,21.8,16.3,27.6,,4.6,2.5,38.0,63.9,10.9,19.69,,,4.6
108,서울,2023-09-24,21.8,17.9,26.2,,4.7,2.9,37.0,56.4,9.0,19.16,,,5.4
108,서울,2023-09-25,21.6,17.9,26.0,1.9,3.4,2.3,49.0,66.4,1.3,11.15,,,9.6
108,서울,2023-09-26,19.9,18.6,20.8,27.8,3.5,2.4,87.0,95.8,0.0,2.33,,,10.0
108,서울,2023-09-27,21.5,20.0,23.7,4.4,3.1,1.8,81.0,90.1,0.1,6.65,,,9.1
108,서울,2023-09-28,22.7,19.6,27.3,,3.7,2.0,54.0,78.3,8.4,17.06,,,5.0
108,서울,2023-09-29,21.1,17.4,26.9,,3.9,1.4,33.0,61.5,5.5,16.39,,,7.1
108,서울,2023-09-30,19.7,17.1,22.2,4.5,5.1,2.2,64.0,77.0,1.6,7.45,,,6.1
108,서울,2023-10-01,18.4,14.4,23.7,,4.3,2.4,34.0,59.5,10.4,20.05,,,0.1
108,서울,2023-10-02,18.2,12.9,24.6,,5.1,1.7,27.0,53.8,10.3,19.93,,,2.0
108,서울,2023-10-03,17.5,14.4,22.5,,3.0,1.7,47.0,66.3,3.0,9.4,,,4.9
108,서울,2023-10-04,17.3,14.2,23.2,14.7,6.4,2.1,53.0,75.5,5.3,12.11,,,5.8
108,서울,2023-10-05,14.2,9.9,19.2,,4.4,2.6,34.0,46.1,10.6,19.99,,,2.3
108,서울,2023-10-06,15.5,9.6,21.5,,3.3,1.6,33.0,55.3,8.8,17.92,,,5.6
108,서울,2023-10-07,16.8,11.7,21.2,,3.6,2.1,42.0,62.6,5.2,13.16,,,7.8
108,서울,2023-10-08,17.1,15.2,19.5,0.0,3.5,2.5,61.0,67.1,0.0,5.92,,,8.4
108,서울,2023-10-09,17.4,14.1,22.4,1.2,4.5,1.9,51.0,68.1,4.2,11.77,,,6.0
108,서울,2023-10-10,17.1,11.9,23.5,,3.3,1.6,36.0,67.1,10.6,18.62,,,0.0
108,서울,2023-10-11,17.6,12.9,24.0,,2.9,1.7,33.0,57.5,10.0,17.49,,,0.5
108,서울,2023-10-12,17.5,12.0,24.1,,2.9,1.5,40.0,62.4,7.3,14.4,,,4.1
108,서울,2023-10-13,17.5,14.3,21.5,,3.2,1.5,50.0,69.6,2.5,9.14,,,7.6
108,서울,2023-10-14,14.7,12.9,18.2,5.8,3.0,1.4,68.0,84.9,2.5,6.54,,,5.5
108,서울,2023-10-15,16.1,10.9,21.2,,4.3,2.0,52.0,80.0,6.1,13.73,,,2.0
108,서울,2023-10-16,14.7,10.7,19.6,,3.8,2.4,33.0,57.0,10.4,18.0,,,0.0
108,서울,2023-10-17,13.8,7.5,20.9,,2.9,1.6,26.0,55.6,10.4,17.85,,,0.0
108,서울,2023-10-18,15.7,9.2,21.6,,4.7,2.1,39.0,67.0,8.3,14.37,,,4.0
108,서울,2023-10-19,17.0,14.9,18.9,8.2,3.9,1.5,65.0,82.5,0.0,2.88,,,9.5
108,서울,2023-10-20,11.6,7.2,15.1,,6.4,3.2,32.0,46.9,10.1,17.9,,,1.3
108,서울,2023-10-21,10.4,5.9,16.6,1.1,5.6,2.3,31.0,54.8,8.6,16.7,,,1.1
108,서울,2023-10-22,12.5,5.4,18.7,,4.6,1.7,42.0,67.3,8.6,14.58,,,4.3
108,서울,2023-10-23,15.2,11.1,21.4,,3.4,1.7,47.0,73.8,6.5,12.64,,,3.8
108,서울,2023-10-24,15.6,11.2,19.3,,3.4,1.7,62.0,78.5,3.7,9.34,,,5.0
108,서울,2023-10-25,16.6,12.7,21.9,,3.0,1.4,53.0,78.6,6.0,11.4,,,4.0
108,서울,2023-10-26,17.2,14.6,21.1,0.0,4.8,2.1,67.0,79.4,0.8,5.79,,,8.9
108,서울,2023-10-27,15.7,12.6,20.2,,3.6,1.9,49.0,71.1,4.6,10.07,,,3.8
108,서울,2023-10-28,14.2,9.4,20.7,,2.8,1.4,27.0,62.9,9.7,15.3,,,0.0
108,서울,2023-10-29,14.9,9.8,21.8,,2.8,1.7,34.0,61.6,9.7,15.3,,,0.0
108,서울,2023-10-30,15.1,9.7,21.9,,3.1,1.7,44.0,72.0,9.3,13.71,,,1.1
108,서울,2023-10-31,16.5,12.7,20.8,,3.9,1.8,54.0,76.0,5.2,10.57,,,5.8
108,서울,2023-11-01,19.0,17.2,20.6,0.0,4.4,2.4,77.0,81.8,0.0,2.23,,,9.0
108,서울,2023-11-02,20.8,18.7,25.9,,5.7,2.9,38.0,70.9,8.0,12.86,,,4.6
108,서울,2023-11-03,19.5,17.7,22.4,8.5,5.1,2.8,70.0,83.3,1.2,6.1,,,7.9
108,서울,2023-11-04,17.4,14.1,20.9,,4.4,2.6,64.0,75.5,2.8,8.32,,,5.6
108,서울,2023-11-05,17.3,15.1,20.4,10.4,5.1,3.3,71.0,87.0,0.0,3.75,,,9.1
108,서울,2023-11-06,13.3,6.6,19.3,45.8,9.1,4.9,56.0,84.9,0.8,4.42,,,9.4
108,서울,2023-11-07,5.8,3.6,9.9,0.0,8.5,3.2,44.0,62.5,8.4,14.34,,,1.6
108,서울,2023-11-08,8.4,1.8,16.1,,3.0,1.7,23.0,55.1,9.4,13.65,,,2.6
108,서울,2023-11-09,11.4,5.9,18.4,5.1,5.3,2.1,54.0,73.1,2.1,6.78,,,5.6
108,서울,2023-11-10,3.4,0.5,9.1,,7.7,3.9,31.0,53.1,9.0,14.52,,,1.1
108,서울,2023-11-11,1.7,-1.9,6.7,,3.8,2.2,26.0,47.9,7.0,10.9,,,1.9
108,서울,2023-11-12,1.2,-2.0,5.7,,4.5,2.2,37.0,53.8,9.5,14.17,,,0.0
108,서울,2023-11-13,2.0,-2.2,6.7,,4.1,2.3,32.0,54.0,9.5,14.18,,,0.0
108,서울,2023-11-14,5.0,-0.8,10.8,,4.1,1.7,47.0,66.1,9.3,12.94,,,2.3
108,서울,2023-11-15,7.0,2.0,12.5,,4.5,1.5,48.0,71.4,6.9,10.47,,,4.0
108,서울,2023-11-16,6.6,5.7,7.4,8.4,4.7,1.9,69.0,85.0,0.0,1.09,,,9.0
108,서울,2023-11-17,1.6,-1.9,5.9,0.0,6.5,2.9,37.0,59.3,5.0,7.42,,,4.3
108,서울,2023-11-18,0.6,-3.8,5.7,,6.0,3.5,48.0,58.9,9.3,12.88,,,0.0
108,서울,2023-11-19,5.9,-0.3,13.4,,5.0,2.4,45.0,68.3,5.4,7.79,,,2.6
108,서울,2023-11-20,6.2,1.8,12.8,,3.3,1.5,30.0,58.4,9.3,12.93,,,0.0
108,서울,2023-11-21,7.4,1.4,14.8,,3.1,1.7,27.0,59.6,9.3,12.57,,,0.0
108,서울,2023-11-22,9.5,2.9,15.1,,2.8,1.8,48.0,68.1,6.5,10.28,,,4.0
108,서울,2023-11-23,9.9,1.9,14.6,0.1,7.2,3.3,50.0,71.1,5.0,8.41,,,4.4
108,서울,2023-11-24,-1.5,-4.4,2.2,,6.0,3.8,32.0,51.8,8.6,12.67,,,0.3
108,서울,2023-11-25,-1.3,-5.9,4.0,,3.7,1.8,22.0,42.8,9.1,12.67,,,1.8
108,서울,2023-11-26,4.0,-0.1,7.2,0.0,2.8,1.4,35.0,43.6,1.4,6.39,,,8.9
108,서울,2023-11-27,6.2,4.4,9.3,3.6,4.8,2.4,55.0,82.9,0.9,2.35,,,6.8
108,서울,2023-11-28,1.3,-1.2,5.2,,5.5,3.3,35.5,58.0,6.3,9.86,,,2.3
108,서울,2023-11-29,-1.4,-4.0,3.0,,5.5,2.6,45.7,59.0,2.7,4.75,,,4.4
108,서울,2023-11-30,-4.3,-7.3,-0.5,,4.4,2.8,35.0,48.5,9.2,12.44,,,0.0
108,서울,2023-12-01,-3.2,-6.8,0.7,,4.5,2.0,36.0,55.3,9.2,12.2,,,0.1
108,서울,2023-12-02,2.0,-4.4,8.0,0.0,6.1,2.4,48.0,60.8,4.0,8.25,,,4.0
108,서울,2023-12-03,0.8,-2.8,6.0,,3.2,1.7,30.0,56.3,9.1,11.62,,,0.0
108,서울,2023-12-04,2.7,-3.0,9.4,,2.8,1.6,35.0,59.5,8.2,10.39,,,2.5
108,서울,2023-12-05,6.8,3.8,12.6,,4.0,2.0,43.0,55.4,6.8,8.09,,,3.8
108,서울,2023-12-06,6.1,3.9,8.7,3.8,4.8,2.3,65.0,76.1,0.0,1.87,,,6.3
108,서울,2023-12-07,6.6,0.8,11.4,,6.1,2.6,48.0,64.0,6.7,9.35,,,1.9
108,서울,2023-12-08,11.2,5.1,16.8,,7.6,3.0,57.0,73.4,5.3,7.54,,,1.4
108,서울,2023-12-09,13.7,11.7,16.2,,3.8,2.0,70.0,82.9,0.8,4.05,,,8.3
108,서울,2023-12-10,11.4,6.7,15.5,0.0,,,46.0,67.9,,,,,5.6
108,서울,2023-12-11,8.9,5.0,12.3,11.4,,,66.0,82.9,0.0,1.54,,,10.0
108,서울,2023-12-12,5.4,3.5,9.3,0.4,7.7,2.7,58.0,75.6,3.5,6.08,,,4.9
108,서울,2023-12-13,6.8,2.6,10.3,,4.3,2.4,61.0,74.1,2.3,6.06,,,6.3
108,서울,2023-12-14,7.6,6.2,9.1,17.0,7.2,4.5,66.0,85.8,0.0,1.46,,,10.0
108,서울,2023-12-15,4.9,3.7,6.2,31.1,6.7,3.6,88.0,95.4,0.0,1.48,,,10.0
108,서울,2023-12-16,-4.1,-9.9,3.8,1.5,9.0,5.2,46.0,68.9,4.6,8.49,1.0,1.0,5.6
108,서울,2023-12-17,-9.8,-12.4,-6.4,,5.7,3.2,36.0,48.9,9.0,11.81,,,0.0
108,서울,2023-12-18,-7.7,-12.2,-3.6,,4.0,2.2,33.0,45.1,4.1,7.01,,,6.9
108,서울,2023-12-19,-3.7,-8.2,0.2,0.3,3.8,1.9,41.0,63.1,0.8,5.77,0.9,0.9,6.9
108,서울,2023-12-20,-7.4,-11.9,-2.1,0.8,5.4,3.4,50.0,64.1,6.0,9.07,1.2,2.1,2.6
108,서울,2023-12-21,-11.7,-14.4,-8.0,,5.0,3.0,44.0,57.4,9.0,11.49,,0.5,0.0
108,서울,2023-12-22,-11.6,-14.7,-8.0,,4.3,2.7,39.0,51.8,9.1,11.56,,0.4,0.0
108,서울,2023-12-23,-6.8,-12.7,-0.9,,2.7,1.8,37.0,53.4,8.9,10.84,,0.2,1.4
108,서울,2023-12-24,-2.2,-5.6,3.0,1.1,3.1,1.6,53.0,73.4,6.9,10.09,1.5,1.5,5.0
108,서울,2023-12-25,-0.7,-2.7,2.1,0.7,3.8,1.5,58.0,80.8,1.7,4.14,3.0,3.0,6.5
108,서울,2023-12-26,1.9,-2.6,7.2,,5.0,1.8,51.0,72.9,7.5,9.17,,,2.9
108,서울,2023-12-27,1.5,-2.8,6.8,,3.0,1.4,56.0,76.6,8.2,9.47,,,0.5
108,서울,2023-12-28,1.2,-1.7,4.4,,4.7,1.6,53.0,69.5,8.1,9.25,,,3.1
108,서울,2023-12-29,1.3,-1.5,4.6,,3.3,1.7,60.0,71.0,1.8,5.43,,,4.8
108,서울,2023-12-30,0.6,-0.9,2.1,13.1,4.6,2.6,76.0,92.0,0.0,0.69,12.2,12.2,9.5
108,서울,2023-12-31,2.1,0.6,4.3,4.7,5.0,2.0,84.0,95.5,0.6,3.06,,8.8,5.8
108,서울,2024-01-01,3.3,-0.3,7.3,0.0,3.2,1.7,65.0,83.4,4.3,7.44,,2.4,6.4
108,서울,2024-01-02,2.9,2.2,4.3,0.0,3.1,1.6,59.0,72.6,0.3,3.87,,,8.9
108,서울,2024-01-03,1.8,-1.1,4.0,0.6,4.2,1.6,72.0,80.4,1.2,3.32,,,6.0
108,서울,2024-01-04,1.4,-3.3,4.7,,3.4,1.9,64.0,74.3,0.5,5.22,,,6.1
108,서울,2024-01-05,5.0,1.4,9.1,0.0,4.8,2.3,59.0,77.1,5.7,7.77,,,4.1
108,서울,2024-01-06,0.7,-2.7,5.2,2.4,4.0,2.2,34.0,63.9,8.7,11.42,6.0,6.0,2.3
108,서울,2024-01-07,-4.4,-8.3,-0.9,,6.9,3.1,34.0,57.4,9.1,12.13,,5.6,0.1
108,서울,2024-01-08,-4.7,-10.3,0.0,,4.0,1.8,29.0,57.8,8.3,11.65,,1.5,3.8
108,서울,2024-01-09,-0.6,-1.9,0.4,1.6,3.0,2.0,62.0,84.0,0.0,1.48,2.8,3.1,8.5
108,서울,2024-01-10,-1.0,-4.1,3.3,,3.0,1.7,69.0,85.9,5.0,7.81,,3.0,3.1
108,서울,2024-01-11,1.7,-2.4,4.5,,3.9,1.9,69.0,80.6,0.4,4.58,,2.0,7.0
108,서울,2024-01-12,0.9,-1.4,4.2,,4.3,2.3,28.0,61.6,8.9,11.77,,,0.0
108,서울,2024-01-13,0.4,-3.8,6.4,,3.8,1.4,23.0,44.3,9.1,12.05,,,0.3
108,서울,2024-01-14,-0.6,-3.3,2.4,3.1,4.2,2.1,53.0,74.5,0.7,1.28,,,5.8
108,서울,2024-01-15,-3.7,-6.9,0.9,,4.9,2.5,34.0,51.3,9.2,12.82,,,0.0
108,서울,2024-01-16,-2.1,-7.2,4.3,,3.4,1.5,32.0,49.8,8.3,11.86,,,2.3
108,서울,2024-01-17,0.6,-2.3,1.9,9.7,3.4,2.0,54.0,78.5,0.0,1.9,2.3,2.3,9.4
108,서울,2024-01-18,4.5,1.4,9.4,0.5,5.5,2.4,63.0,81.5,6.3,9.86,,1.1,4.5
108,서울,2024-01-19,5.4,4.0,9.0,,7.1,4.5,52.0,65.4,7.1,10.29,,,7.0
108,서울,2024-01-20,3.4,1.9,4.9,0.4,7.2,5.3,57.0,69.5,0.0,2.74,,,8.9
108,서울,2024-01-21,1.7,-2.4,4.3,0.4,5.3,2.5,65.0,75.8,0.0,3.57,,,9.1
108,서울,2024-01-22,-8.7,-11.9,-2.4,0.2,6.3,4.1,55.0,65.6,3.6,8.49,2.3,2.3,5.0
108,서울,2024-01-23,-11.7,-14.0,-8.2,,6.6,3.9,44.0,53.6,9.1,13.53,,,0.5
108,서울,2024-01-24,-8.0,-11.2,-3.7,,5.9,3.3,39.0,52.0,9.3,13.63,,,0.0
108,서울,2024-01-25,-5.3,-9.7,-0.5,,3.7,2.1,30.0,47.8,9.4,13.57,,,0.0
108,서울,2024-01-26,-1.7,-6.9,4.0,,3.9,1.9,39.0,62.5,9.4,12.68,,,0.8
108,서울,2024-01-27,-0.5,-4.6,4.6,,4.8,1.8,41.0,70.0,8.0,12.43,,,2.9
108,서울,2024-01-28,-1.5,-5.0,3.8,,3.6,1.9,44.0,62.3,8.0,12.52,,,2.0
108,서울,2024-01-29,-0.4,-4.8,4.6,,3.7,1.7,42.0,66.6,9.2,12.65,,,2.0
108,서울,2024-01-30,1.4,-4.0,8.1,,2.9,1.4,28.0,59.3,9.4,12.73,,,2.3
108,서울,2024-01-31,4.7,0.7,10.6,,4.3,1.9,28.0,54.1,8.9,12.65,,,2.6
108,서울,2024-02-01,2.4,-1.3,8.2,,4.4,2.1,42.0,64.9,6.8,10.12,,,6.4
108,서울,2024-02-02,3.1,0.7,7.9,,4.1,2.1,48.0,65.5,4.4,10.3,,,5.4
108,서울,2024-02-03,4.7,-0.2,8.3,0.0,4.4,2.2,50.0,63.9,1.0,6.77,,,8.4
108,서울,2024-02-04,7.3,3.7,12.2,,4.7,1.8,44.0,60.9,4.6,10.88,,,8.6
108,서울,2024-02-05,2.7,0.1,6.6,3.9,8.8,5.0,60.0,81.8,0.0,3.47,3.6,3.6,10.0
108,서울,2024-02-06,1.2,0.0,2.9,0.2,3.4,2.2,71.0,83.5,0.0,4.49,0.2,3.8,8.8
108,서울,2024-02-07,0.6,-0.9,2.7,0.0,3.6,2.1,59.0,76.6,0.0,3.61,,,6.6
108,서울,2024-02-08,0.6,-3.0,6.2,,4.0,1.6,41.0,66.9,9.2,13.96,,,2.0
108,서울,2024-02-09,1.1,-2.5,6.1,,4.5,2.2,42.0,66.8,6.9,12.47,,,3.3
108,서울,2024-02-10,1.7,-1.5,7.4,,4.7,1.9,40.0,69.4,5.6,11.32,,,2.3
108,서울,2024-02-11,1.0,-3.1,5.5,0.0,5.5,2.2,49.0,70.6,5.6,10.38,,,2.0
108,서울,2024-02-12,3.5,-2.9,10.5,,3.6,1.8,30.0,62.8,9.7,15.35,,,0.3
108,서울,2024-02-13,8.2,2.0,13.7,,5.6,2.5,57.0,70.6,5.5,10.98,,,2.5
108,서울,2024-02-14,12.9,8.8,18.3,,4.4,2.2,60.0,76.4,4.0,10.39,,,7.0
108,서울,2024-02-15,4.5,0.6,11.6,10.9,6.5,2.9,68.0,89.9,0.9,2.71,1.5,1.5,7.6
108,서울,2024-02-16,2.3,-1.5,8.1,,3.7,1.8,46.0,72.4,7.9,13.32,,,0.6
108,서울,2024-02-17,4.4,-1.2,11.7,,3.0,1.7,48.0,73.5,8.7,15.33,,,0.0
108,서울,2024-02-18,6.2,1.2,9.4,17.1,5.0,2.8,54.0,81.4,1.1,3.01,,,7.1
108,서울,2024-02-19,9.1,4.2,11.9,8.9,4.8,2.3,87.0,95.8,0.0,1.37,,,9.6
108,서울,2024-02-20,4.3,2.8,6.8,2.6,7.5,3.4,75.0,86.3,0.0,2.34,,,9.9
108,서울,2024-02-21,1.9,0.0,4.0,17.8,7.2,5.2,75.0,92.5,0.0,2.77,5.2,5.2,10.0
108,서울,2024-02-22,0.2,-1.1,1.6,8.8,6.0,4.2,73.0,84.5,0.0,4.5,8.6,13.8,9.8
108,서울,2024-02-23,1.8,-1.0,6.1,0.4,5.5,3.5,50.0,68.8,5.8,15.28,0.3,10.2,5.9
108,서울,2024-02-24,2.0,-1.3,5.9,2.3,4.7,2.9,48.0,68.6,5.5,12.07,,2.0,7.4
108,서울,2024-02-25,2.8,0.8,5.9,1.8,3.8,2.0,63.0,80.8,0.9,7.55,0.2,0.2,6.4
108,서울,2024-02-26,3.8,-1.2,9.7,,3.7,1.9,39.0,65.3,6.8,14.98,,,2.1
108,서울,2024-02-27,5.3,1.2,9.8,,5.2,3.0,36.0,52.0,5.5,13.06,,,7.5
108,서울,2024-02-28,6.4,3.2,10.1,,3.3,2.1,47.0,59.5,1.7,10.2,,,8.5
108,서울,2024-02-29,4.8,0.3,9.6,,6.6,2.2,43.0,63.6,1.2,7.01,,,6.8
108,서울,2024-03-01,-4.1,-7.1,0.3,,7.5,4.4,24.0,38.9,10.6,20.33,,,0.0
108,서울,2024-03-02,-0.5,-8.1,4.1,0.0,7.1,3.2,48.0,60.4,5.8,13.21,,,4.5
108,서울,2024-03-03,4.0,0.4,7.8,,5.9,2.9,42.0,71.5,6.6,13.52,,,2.3
108,서울,2024-03-04,5.4,-1.8,11.7,,3.2,1.6,17.0,45.5,9.5,17.79,,,4.5
108,서울,2024-03-05,8.0,5.5,11.0,,5.5,2.9,32.0,45.1,0.1,6.29,,,8.8
108,서울,2024-03-06,6.2,2.5,10.3,,5.1,2.8,46.0,58.8,2.3,10.31,,,5.9
108,서울,2024-03-07,3.9,1.2,8.2,2.1,4.9,3.0,45.0,62.4,2.5,8.77,,,5.0
108,서울,2024-03-08,2.1,-0.7,6.5,,6.9,3.4,26.0,50.6,10.4,19.91,,,0.4
108,서울,2024-03-09,2.0,-2.1,7.1,,4.8,2.7,24.0,50.8,10.9,21.15,,,0.0
108,서울,2024-03-10,4.2,-1.8,10.6,,4.4,2.1,26.0,54.0,10.9,20.38,,,1.0
108,서울,2024-03-11,6.2,2.0,10.8,,,,34.0,62.3,,,,,7.0
108,서울,2024-03-12,6.6,4.4,10.0,2.1,,,62.0,78.0,0.0,0.3,,,6.0
108,서울,2024-03-13,6.5,1.3,12.0,,6.2,2.7,27.0,57.6,10.9,20.78,,,0.4
108,서울,2024-03-14,8.5,3.4,15.4,,4.8,,23.0,58.3,,,,,1.0
108,서울,2024-03-15,8.9,4.0,14.5,,5.3,2.3,43.0,68.5,10.6,20.18,,,0.0
108,서울,2024-03-16,10.9,4.4,18.3,,4.7,2.1,19.0,54.5,8.3,18.28,,,3.9
108,서울,2024-03-17,8.8,5.4,12.2,0.1,6.3,3.7,28.0,48.0,8.7,18.59,,,5.6
108,서울,2024-03-18,7.1,1.4,13.2,,4.5,2.4,13.0,28.6,10.6,21.33,,,2.0
108,서울,2024-03-19,6.7,3.9,9.8,0.2,7.4,3.7,39.0,60.8,2.7,9.63,,,6.1
108,서울,2024-03-20,4.4,1.2,8.7,,6.1,3.4,26.0,46.5,9.0,19.09,,,1.8
108,서울,2024-03-21,5.0,-1.2,11.5,,4.9,2.0,25.0,46.5,11.3,22.43,,,2.0
108,서울,2024-03-22,10.4,3.8,15.2,5.4,8.4,3.4,31.0,57.0,3.5,10.25,,,7.6
108,서울,2024-03-23,13.0,9.3,18.2,0.1,4.1,2.3,42.0,66.0,8.2,19.2,,,6.4
108,서울,2024-03-24,16.2,10.5,23.4,,4.0,2.4,22.0,42.5,8.1,19.89,,,4.9
108,서울,2024-03-25,10.6,6.7,14.5,5.1,6.9,4.0,39.0,63.0,0.0,4.68,,,9.6
108,서울,2024-03-26,7.4,3.2,12.4,11.5,5.7,2.6,55.0,77.3,2.3,13.76,,,6.1
108,서울,2024-03-27,10.4,4.4,16.2,,4.4,2.0,46.0,68.4,8.8,18.46,,,5.3
108,서울,2024-03-28,10.3,7.8,12.2,1.9,4.4,1.8,67.0,81.8,0.0,4.13,,,8.5
108,서울,2024-03-29,7.6,5.0,12.3,1.4,5.4,2.8,49.0,73.0,2.5,6.68,,,4.8
108,서울,2024-03-30,8.8,3.0,15.6,,5.6,2.4,30.0,56.5,5.4,16.07,,,3.9
108,서울,2024-03-31,10.6,3.4,17.7,,4.4,1.9,17.0,39.9,10.1,22.79,,,1.6
108,서울,2024-04-01,12.2,5.5,19.0,,4.3,1.8,14.0,32.0,11.5,23.72,,,0.3
108,서울,2024-04-02,15.4,7.0,23.9,,4.5,2.0,18.0,37.5,9.5,21.69,,,3.1
108,서울,2024-04-03,16.6,13.9,19.7,0.0,3.4,1.8,42.0,55.9,0.3,7.18,,,7.8
108,서울,2024-04-04,15.5,12.4,20.3,,5.2,2.9,39.0,52.1,3.6,15.47,,,6.5
108,서울,2024-04-05,14.0,10.2,18.8,,5.2,2.5,39.0,51.3,6.2,17.11,,,5.1
108,서울,2024-04-06,12.7,8.0,18.9,,5.1,1.9,28.0,48.6,6.6,17.49,,,3.9
108,서울,2024-04-07,14.8,7.7,23.4,,5.9,2.0,21.0,33.4,11.4,23.4,,,1.0
108,서울,2024-04-08,16.2,11.0,22.8,,5.2,2.1,28.0,46.5,2.0,14.44,,,8.3
108,서울,2024-04-09,15.3,10.6,20.8,,7.9,3.5,19.0,32.4,11.9,25.68,,,0.4
108,서울,2024-04-10,13.8,10.2,18.5,,5.2,2.6,32.0,62.6,3.9,15.38,,,6.0
108,서울,2024-04-11,15.5,11.7,21.1,0.0,3.4,1.8,41.0,61.0,4.0,14.28,,,5.3
108,서울,2024-04-12,17.2,12.0,24.2,,4.3,2.1,30.0,59.6,9.8,23.59,,,1.9
108,서울,2024-04-13,19.1,11.2,27.3,,4.4,1.9,24.0,52.4,12.1,25.65,,,0.0
108,서울,2024-04-14,20.8,13.6,29.4,,5.3,1.9,25.0,47.1,11.7,24.93,,,3.0
108,서울,2024-04-15,16.0,11.7,20.0,17.1,5.1,2.5,44.0,77.4,0.0,3.18,,,8.6
108,서울,2024-04-16,13.3,11.5,17.9,2.3,4.1,2.5,60.0,82.6,3.7,13.45,,,6.3
108,서울,2024-04-17,15.0,9.7,21.8,,4.1,2.2,35.0,65.3,10.3,23.2,,,4.6
108,서울,2024-04-18,17.3,10.7,24.9,,4.9,2.2,28.0,53.3,11.7,25.45,,,0.0
108,서울,2024-04-19,17.6,11.5,24.3,,4.4,2.1,34.0,51.8,10.4,23.5,,,3.9
108,서울,2024-04-20,14.9,13.0,17.2,4.8,5.8,3.0,58.0,77.3,0.0,4.46,,,9.8
108,서울,2024-04-21,17.2,13.3,21.7,,5.5,3.8,54.0,65.5,1.0,11.86,,,8.8
108,서울,2024-04-22,18.8,15.0,24.1,,5.2,3.1,38.0,49.4,4.6,19.34,,,6.5
108,서울,2024-04-23,17.3,13.2,24.2,0.0,5.4,3.6,37.0,55.0,6.0,19.16,,,7.9
108,서울,2024-04-24,13.2,11.0,16.5,9.0,5.4,3.0,63.0,80.1,1.9,9.53,,,7.8
108,서울,2024-04-25,14.4,10.3,20.8,,3.3,1.9,47.0,75.6,6.2,18.59,,,4.4
108,서울,2024-04-26,17.8,11.4,26.0,,5.1,1.9,21.0,61.1,10.7,23.74,,,3.4
108,서울,2024-04-27,18.2,11.5,26.2,,4.5,1.9,30.0,56.4,12.5,28.23,,,0.3
108,서울,2024-04-28,20.7,13.0,28.9,,3.4,1.6,22.0,53.5,11.4,25.14,,,5.9
108,서울,2024-04-29,20.9,16.9,26.1,,5.5,3.0,36.0,48.0,8.8,21.36,,,5.6
108,서울,2024-04-30,18.6,16.0,22.5,,4.4,2.2,45.0,62.5,5.5,17.95,,,8.5
108,서울,2024-05-01,18.5,13.9,24.0,,4.3,2.4,27.0,46.0,9.8,26.05,,,4.6
108,서울,2024-05-02,18.1,12.4,23.7,,5.2,2.4,29.0,48.4,12.8,28.72,,,0.0
108,서울,2024-05-03,19.7,12.2,27.9,,3.6,1.9,27.0,46.9,12.8,28.28,,,0.0
108,서울,2024-05-04,21.4,14.6,28.5,0.0,4.3,1.9,27.0,44.8,12.5,26.61,,,3.4
108,서울,2024-05-05,17.8,15.7,20.6,48.3,5.6,2.5,44.0,87.4,0.0,2.17,,,10.0
108,서울,2024-05-06,13.9,13.4,15.7,12.3,4.9,3.1,88.0,92.9,0.0,2.71,,,10.0
108,서울,2024-05-07,13.3,12.2,15.0,2.4,4.9,3.0,60.0,77.3,0.0,4.75,,,9.6
108,서울,2024-05-08,14.7,9.0,21.4,,4.9,2.3,36.0,58.8,11.0,27.21,,,1.8
108,서울,2024-05-09,16.1,10.9,21.8,,5.9,2.9,35.0,63.6,12.8,27.17,,,0.3
108,서울,2024-05-10,17.9,12.5,23.8,,5.5,2.6,29.0,55.6,12.5,28.02,,,2.0
108,서울,2024-05-11,17.0,14.0,22.0,31.7,9.1,3.5,54.0,80.0,0.1,5.72,,,9.3
108,서울,2024-05-12,16.6,11.9,21.6,,5.8,2.7,39.0,65.0,11.4,28.91,,,2.6
108,서울,2024-05-13,18.3,11.9,24.5,,5.3,2.3,27.0,51.9,13.1,30.09,,,0.0
108,서울,2024-05-14,18.8,12.7,24.7,,5.3,2.4,23.0,43.3,13.0,30.02,,,0.1
108,서울,2024-05-15,12.6,7.2,18.8,20.6,6.6,2.7,41.0,74.3,3.1,8.35,,,6.5
108,서울,2024-05-16,13.7,6.9,19.8,0.1,5.7,3.1,32.0,61.3,13.1,31.35,,,1.5
108,서울,2024-05-17,18.3,10.8,24.9,,4.2,2.2,42.0,63.6,10.8,24.4,,,3.8
108,서울,2024-05-18,20.7,16.0,26.5,,4.9,2.0,46.0,65.3,11.3,26.88,,,2.3
108,서울,2024-05-19,21.5,15.9,27.9,,4.5,1.9,30.0,63.1,12.6,28.99,,,1.1
108,서울,2024-05-20,19.4,16.8,22.8,,4.6,2.3,63.0,75.0,0.5,11.45,,,7.3
108,서울,2024-05-21,21.7,16.3,28.3,,3.6,1.9,33.0,68.1,9.4,26.37,,,2.9
108,서울,2024-05-22,20.5,16.4,25.5,,4.3,2.3,44.0,68.9,10.0,27.4,,,5.8
108,서울,2024-05-23,20.2,15.8,26.4,,4.3,2.5,43.0,67.9,12.7,30.1,,,2.4
108,서울,2024-05-24,20.1,15.7,24.7,,4.7,2.1,61.0,75.1,4.7,20.51,,,6.6
108,서울,2024-05-25,21.4,18.7,24.7,,3.8,1.8,47.0,62.8,2.3,17.34,,,7.8
108,서울,2024-05-26,19.9,17.0,23.7,8.7,5.7,2.7,49.0,74.3,3.1,10.2,,,9.0
108,서울,2024-05-27,18.5,14.1,22.6,,6.4,3.3,40.0,63.4,9.9,26.89,,,3.3
108,서울,2024-05-28,20.4,14.3,26.1,,4.6,2.5,32.0,54.8,11.1,27.55,,,1.9
108,서울,2024-05-29,21.2,15.4,26.8,,4.9,2.1,30.0,51.6,13.2,29.38,,,2.8
108,서울,2024-05-30,20.7,16.2,24.6,,3.4,1.6,37.0,49.1,0.6,12.97,,,8.5
108,서울,2024-05-31,20.4,16.9,25.4,1.0,6.0,2.6,35.0,60.0,11.8,30.31,,,3.3
108,서울,2024-06-01,20.7,17.5,25.2,0.0,5.3,2.8,34.0,61.3,9.4,27.02,,,4.3
108,서울,2024-06-02,20.4,15.7,25.8,,5.1,2.7,36.0,51.9,12.4,28.7,,,1.3
108,서울,2024-06-03,22.2,15.7,28.7,,4.2,2.4,29.0,47.4,11.2,29.95,,,1.0
108,서울,2024-06-04,22.8,16.3,29.3,,4.1,2.4,29.0,42.1,13.5,31.17,,,0.1
108,서울,2024-06-05,23.6,18.1,30.1,,4.7,1.9,36.0,53.9,10.4,25.14,,,5.4
108,서울,2024-06-06,24.1,19.3,31.4,,4.3,2.0,31.0,54.3,9.3,24.47,,,3.4
108,서울,2024-06-07,23.1,18.3,28.0,0.8,4.0,1.9,40.0,54.3,7.1,20.41,,,8.0
108,서울,2024-06-08,20.3,17.9,25.0,16.9,3.9,1.6,58.0,79.5,2.5,9.7,,,7.4
108,서울,2024-06-09,22.9,17.4,28.8,,4.5,1.8,47.0,68.9,12.3,28.38,,,4.5
108,서울,2024-06-10,24.7,19.0,31.1,,4.6,2.2,44.0,66.3,11.9,26.57,,,1.4
108,서울,2024-06-11,25.4,21.7,31.6,,4.7,2.4,40.0,62.4,10.2,27.17,,,5.1
108,서울,2024-06-12,24.8,19.2,31.8,,4.7,2.1,35.0,60.8,11.3,27.73,,,4.1
108,서울,2024-06-13,26.4,20.0,32.8,,4.3,1.8,28.0,51.4,13.3,29.8,,,0.9
108,서울,2024-06-14,26.3,21.4,33.0,,5.9,2.3,35.0,56.0,9.1,24.24,,,5.6
108,서울,2024-06-15,24.2,21.8,28.2,6.1,3.9,1.9,55.0,72.3,3.4,15.71,,,6.5
108,서울,2024-06-16,24.3,19.9,29.5,,5.0,2.8,38.0,58.4,13.2,30.02,,,0.9
108,서울,2024-06-17,24.8,18.9,30.2,,5.0,2.4,28.0,48.4,13.1,28.17,,,4.6
108,서울,2024-06-18,26.0,20.4,32.9,,4.2,2.1,35.0,59.5,13.4,29.22,,,0.0
108,서울,2024-06-19,28.8,21.4,35.8,,4.0,1.6,32.0,54.3,13.0,28.25,,,3.3
108,서울,2024-06-20,29.4,23.4,35.4,,3.8,2.0,27.0,45.1,12.1,25.99,,,2.8
108,서울,2024-06-21,28.1,22.9,33.9,,4.8,2.0,34.0,49.8,10.3,24.75,,,5.8
108,서울,2024-06-22,24.2,22.6,26.1,16.5,3.4,2.0,59.0,80.6,0.0,3.59,,,10.0
108,서울,2024-06-23,25.1,22.5,30.1,5.1,5.2,2.2,59.0,79.5,3.8,18.84,,,8.3
108,서울,2024-06-24,24.3,21.2,27.9,0.0,5.4,2.9,45.0,70.4,7.0,19.62,,,5.8
108,서울,2024-06-25,22.9,19.1,27.2,,6.2,3.0,42.0,61.9,10.7,25.24,,,4.3
108,서울,2024-06-26,24.9,18.9,31.6,,5.0,1.9,38.0,61.0,12.3,27.64,,,1.3
108,서울,2024-06-27,26.3,20.6,31.6,,4.0,1.6,38.0,55.0,9.3,23.84,,,3.0
108,서울,2024-06-28,26.6,21.3,32.5,,4.7,2.1,35.0,54.6,13.2,28.84,,,2.0
108,서울,2024-06-29,26.7,21.6,32.3,38.3,5.5,2.2,44.0,65.1,6.9,20.46,,,6.6
108,서울,2024-06-30,23.5,22.0,24.9,32.2,7.2,3.7,80.0,88.5,0.0,3.89,,,8.5
108,서울,2024-07-01,26.3,22.0,31.3,,3.4,1.8,47.0,69.1,8.3,24.69,,,5.5
108,서울,2024-07-02,23.2,21.9,25.2,65.1,5.3,2.8,77.0,90.0,0.0,1.93,,,9.9
108,서울,2024-07-03,24.7,23.6,25.9,0.8,5.5,3.6,70.0,80.3,0.6,8.91,,,9.0
108,서울,2024-07-04,26.8,23.2,30.6,3.6,6.6,3.0,56.0,74.8,3.4,18.81,,,8.6
108,서울,2024-07-05,23.4,21.3,26.1,4.1,7.6,3.3,67.0,80.5,1.4,11.25,,,9.1
108,서울,2024-07-06,25.1,22.1,30.0,2.8,6.5,3.2,73.0,84.1,0.1,6.84,,,9.8
108,서울,2024-07-07,24.4,21.5,28.2,28.7,4.2,1.8,68.0,85.1,0.6,11.09,,,8.8
108,서울,2024-07-08,23.8,23.1,24.5,21.1,4.0,1.8,89.0,93.4,0.0,3.36,,,9.8
108,서울,2024-07-09,24.5,22.7,26.7,0.3,4.7,1.8,78.0,86.9,0.1,7.77,,,9.5
108,서울,2024-07-10,26.6,22.7,31.1,1.4,4.9,2.2,57.0,77.1,7.1,20.04,,,6.3
108,서울,2024-07-11,25.7,23.3,28.9,,3.7,2.1,66.0,79.6,5.9,21.74,,,5.1
108,서울,2024-07-12,25.6,21.8,30.2,,3.4,1.6,59.0,79.5,3.7,13.33,,,4.4
108,서울,2024-07-13,28.1,23.5,33.3,0.0,4.2,1.9,40.0,70.0,9.9,23.54,,,2.1
108,서울,2024-07-14,28.4,24.9,32.1,0.4,3.8,2.4,54.0,65.9,7.6,22.34,,,4.8
108,서울,2024-07-15,28.4,24.5,31.3,0.0,3.7,2.4,55.0,64.6,6.3,18.13,,,5.1
108,서울,2024-07-16,27.0,24.6,30.7,17.0,5.1,2.3,62.0,78.4,4.2,12.32,,,7.8
108,서울,2024-07-17,25.4,24.1,28.1,98.8,6.8,2.5,76.0,91.6,0.1,3.48,,,9.8
108,서울,2024-07-18,24.3,23.1,25.6,128.8,7.5,2.2,89.0,95.3,0.0,2.47,,,10.0
108,서울,2024-07-19,27.0,24.2,30.8,0.1,4.1,2.2,60.0,80.1,6.4,21.69,,,7.9
108,서울,2024-07-20,27.2,25.1,30.6,14.9,6.1,2.7,67.0,80.4,1.9,13.42,,,9.0
108,서울,2024-07-21,26.5,22.5,29.8,8.5,8.3,3.6,72.0,83.6,1.5,11.48,,,9.3
108,서울,2024-07-22,26.6,24.3,27.9,79.9,7.9,3.1,81.0,89.0,0.0,4.09,,,9.9
108,서울,2024-07-23,26.4,25.8,27.3,2.0,6.4,3.2,80.0,87.9,0.0,4.92,,,9.6
108,서울,2024-07-24,28.1,26.0,30.9,14.7,5.4,2.6,71.0,85.0,3.0,15.31,,,7.6
108,서울,2024-07-25,28.8,25.4,32.2,25.3,5.0,1.8,64.0,79.8,2.4,14.15,,,8.6
108,서울,2024-07-26,28.7,25.2,32.7,5.5,5.5,2.3,65.0,81.9,6.7,18.29,,,8.0
108,서울,2024-07-27,28.9,27.5,31.7,33.5,4.5,1.7,68.0,83.6,1.7,12.73,,,8.4
108,서울,2024-07-28,29.2,27.3,32.2,0.0,6.8,3.2,59.0,76.0,5.1,18.33,,,8.3
108,서울,2024-07-29,27.4,26.8,27.8,0.0,6.6,3.8,80.0,84.0,0.0,2.61,,,8.9
108,서울,2024-07-30,28.6,26.3,31.9,,4.3,2.8,66.0,78.8,3.6,15.95,,,7.4
108,서울,2024-07-31,29.4,27.0,33.3,,4.5,2.6,59.0,74.5,4.7,17.42,,,7.3
108,서울,2024-08-01,29.9,27.3,33.2,0.3,3.9,2.6,64.0,75.5,3.6,14.95,,,6.8
108,서울,2024-08-02,29.6,28.2,32.5,,4.2,2.6,67.0,79.4,2.4,10.36,,,7.9
108,서울,2024-08-03,30.2,27.2,34.2,,4.3,2.2,58.0,75.0,7.8,21.64,,,4.4
108,서울,2024-08-04,31.8,27.3,36.2,,3.4,1.6,50.0,69.3,10.9,24.4,,,2.5
108,서울,2024-08-05,30.0,26.9,33.7,1.3,4.8,1.9,61.0,75.5,3.4,12.92,,,7.1
108,서울,2024-08-06,29.5,25.6,33.5,0.0,3.7,1.9,57.0,74.8,6.2,18.84,,,5.4
108,서울,2024-08-07,29.6,27.2,33.4,3.4,3.6,1.7,55.0,72.0,7.6,20.7,,,4.8
108,서울,2024-08-08,28.5,26.9,31.6,0.0,3.3,1.6,63.0,77.5,2.4,10.94,,,7.4
108,서울,2024-08-09,29.3,25.6,33.6,,3.3,1.6,56.0,74.1,6.0,15.55,,,2.8
108,서울,2024-08-10,30.0,26.4,33.6,,3.7,1.7,55.0,70.8,4.3,15.76,,,6.8
108,서울,2024-08-11,30.8,27.8,34.4,,3.4,1.8,53.0,67.8,4.4,17.14,,,6.3
108,서울,2024-08-12,31.1,28.2,34.1,,3.9,1.9,57.0,70.5,4.1,13.51,,,4.1
108,서울,2024-08-13,31.3,28.1,36.4,0.0,4.5,1.8,49.0,70.0,7.5,20.81,,,4.9
108,서울,2024-08-14,30.0,27.3,34.9,3.0,6.1,1.9,52.0,73.0,4.7,12.59,,,5.6
108,서울,2024-08-15,29.2,26.7,34.6,6.4,8.2,1.8,53.0,74.6,4.1,15.98,,,5.4
108,서울,2024-08-16,29.8,26.8,34.3,0.0,4.8,2.0,51.0,69.4,6.7,17.24,,,3.0
108,서울,2024-08-17,29.8,27.2,34.0,11.0,6.4,1.7,53.0,71.0,5.3,14.73,,,4.8
108,서울,2024-08-18,29.5,27.0,33.9,0.0,5.0,2.0,56.0,73.8,6.4,17.64,,,5.5
108,서울,2024-08-19,29.7,26.3,35.3,2.3,6.4,1.9,46.0,72.3,7.1,20.08,,,2.5
108,서울,2024-08-20,31.4,27.0,35.4,0.0,4.2,2.3,54.0,68.3,7.7,19.09,,,6.1
108,서울,2024-08-21,28.4,26.9,30.8,42.2,5.3,3.2,71.0,85.9,0.0,4.68,,,9.5
108,서울,2024-08-22,28.6,27.1,30.3,0.6,7.5,3.4,70.0,79.9,1.8,7.27,,,8.8
108,서울,2024-08-23,28.4,26.4,31.8,0.0,5.0,2.7,59.0,73.5,5.6,17.48,,,5.3
108,서울,2024-08-24,27.6,25.1,30.9,2.0,3.6,1.4,66.0,78.8,2.4,12.04,,,3.8
108,서울,2024-08-25,28.5,24.9,32.7,,4.6,1.4,58.0,76.6,5.1,15.82,,,3.4
108,서울,2024-08-26,28.1,25.6,30.6,0.0,3.7,1.5,61.0,77.8,0.3,8.21,,,8.0
108,서울,2024-08-27,26.5,24.6,30.3,0.3,4.5,1.9,52.0,69.8,3.7,10.04,,,6.1
108,서울,2024-08-28,28.2,23.0,33.2,,4.2,2.9,46.0,62.1,11.5,23.98,,,0.4
108,서울,2024-08-29,28.4,23.4,33.5,,5.3,3.1,49.0,61.0,12.0,24.86,,,0.6
108,서울,2024-08-30,28.0,23.7,32.9,,4.5,2.4,45.0,64.0,12.0,24.53,,,0.9
108,서울,2024-08-31,27.6,22.6,33.0,,4.3,1.9,40.0,65.6,12.0,24.15,,,1.8
108,서울,2024-09-01,27.1,24.6,31.6,,4.3,2.0,41.0,64.9,6.9,20.05,,,4.5
108,서울,2024-09-02,24.5,22.2,26.9,2.7,4.5,2.6,65.0,73.6,0.1,5.82,,,8.0
108,서울,2024-09-03,27.0,23.2,32.0,,4.4,2.9,44.0,54.5,7.4,20.85,,,2.6
108,서울,2024-09-04,27.9,23.2,33.3,,3.4,2.2,42.0,61.4,10.6,22.99,,,3.0
108,서울,2024-09-05,26.3,25.6,28.8,6.9,5.5,2.4,63.0,79.1,0.9,6.91,,,8.8
108,서울,2024-09-06,24.0,23.3,25.7,0.7,4.8,2.6,69.0,79.3,0.0,4.41,,,10.0
108,서울,2024-09-07,26.5,22.8,31.3,0.0,3.2,1.9,50.0,68.9,7.6,18.81,,,4.0
108,서울,2024-09-08,27.2,22.6,32.8,,3.8,1.6,47.0,69.6,9.1,20.01,,,2.0
108,서울,2024-09-09,28.5,24.1,34.1,,3.6,1.9,50.0,69.0,6.0,16.38,,,3.6
108,서울,2024-09-10,29.4,25.6,33.9,,3.5,1.8,51.0,67.3,9.0,17.2,,,1.3
108,서울,2024-09-11,29.0,25.4,34.6,0.4,4.2,1.8,50.0,71.5,5.2,12.49,,,5.5
108,서울,2024-09-12,25.4,24.8,27.1,32.7,3.3,2.1,85.0,91.5,0.0,3.78,,,9.8
108,서울,2024-09-13,25.9,24.2,28.0,7.6,4.3,2.2,80.0,91.4,0.0,4.86,,,10.0
108,서울,2024-09-14,28.0,25.2,32.2,0.0,3.5,1.7,59.0,80.3,5.1,14.61,,,4.8
108,서울,2024-09-15,27.5,24.2,32.4,,5.4,2.8,59.0,73.6,8.2,18.89,,,3.1
108,서울,2024-09-16,26.8,21.3,32.2,9.5,4.9,2.8,58.0,74.0,6.2,17.09,,,5.6
108,서울,2024-09-17,28.6,25.8,33.2,,4.5,1.7,59.0,77.0,3.5,14.62,,,7.4
108,서울,2024-09-18,29.4,26.5,33.6,0.7,3.6,1.6,61.0,76.8,6.5,17.53,,,7.0
108,서울,2024-09-19,29.1,25.6,32.6,,2.7,1.7,63.0,77.4,1.4,11.47,,,8.5
108,서울,2024-09-20,25.0,17.9,28.6,54.5,7.1,2.4,80.0,89.8,0.1,3.58,,,10.0
108,서울,2024-09-21,19.3,17.1,21.9,27.0,7.0,4.3,69.0,82.3,0.0,6.31,,,8.5
108,서울,2024-09-22,21.0,16.9,26.7,,5.1,2.7,50.0,67.4,7.2,19.34,,,4.5
108,서울,2024-09-23,20.8,16.6,26.1,,4.8,3.1,42.0,58.3,11.4,22.31,,,0.8
108,서울,2024-09-24,21.0,15.6,26.9,,3.4,2.2,37.0,57.9,11.1,22.03,,,1.0
108,서울,2024-09-25,23.3,18.6,27.3,0.0,3.2,1.7,55.0,65.6,6.1,13.51,,,5.8
108,서울,2024-09-26,23.6,21.1,28.0,1.2,4.1,1.6,57.0,75.1,5.9,14.01,,,4.8
108,서울,2024-09-27,22.7,19.1,28.0,,5.2,2.4,49.0,72.8,7.9,16.45,,,2.6
108,서울,2024-09-28,23.2,19.2,27.9,,5.0,3.4,48.0,59.3,8.2,18.07,,,3.1
108,서울,2024-09-29,23.5,19.1,29.0,,4.1,2.7,47.0,61.5,7.3,18.06,,,1.5
108,서울,2024-09-30,23.0,18.3,28.5,,4.6,2.1,45.0,63.0,8.0,16.77,,,4.5
108,서울,2024-10-01,18.3,13.3,21.7,2.5,5.3,2.5,39.0,67.5,2.2,7.73,,,5.9
108,서울,2024-10-02,14.9,11.6,19.9,,4.7,2.5,31.0,48.8,9.5,20.66,,,2.0
108,서울,2024-10-03,16.4,10.8,22.5,,4.2,1.9,37.0,59.0,7.3,15.9,,,2.0
108,서울,2024-10-04,17.6,11.9,24.2,,3.8,1.8,35.0,60.0,10.9,20.32,,,0.0
108,서울,2024-10-05,17.5,11.6,24.4,,2.8,1.6,38.0,60.4,9.7,17.31,,,3.6
108,서울,2024-10-06,15.4,12.3,17.9,0.0,3.0,1.4,61.0,73.5,0.0,3.65,,,8.9
108,서울,2024-10-07,16.9,14.0,20.7,,3.3,1.3,56.0,73.9,1.8,9.33,,,6.6
108,서울,2024-10-08,17.7,12.7,23.9,,3.9,1.8,51.0,73.9,6.8,14.54,,,1.3
108,서울,2024-10-09,18.8,13.9,24.4,,3.8,2.3,44.0,64.1,8.1,16.61,,,4.8
108,서울,2024-10-10,18.8,15.3,24.1,0.0,3.0,1.9,46.0,66.3,6.3,13.91,,,4.5
108,서울,2024-10-11,18.6,13.9,24.4,,3.4,1.8,40.0,68.8,9.5,16.05,,,0.6
108,서울,2024-10-12,18.3,13.4,24.7,,3.1,1.5,26.0,60.6,10.4,18.19,,,0.0
108,서울,2024-10-13,18.3,12.6,22.6,,3.3,2.0,47.0,67.0,4.7,11.43,,,6.4
108,서울,2024-10-14,19.3,17.6,21.5,0.0,2.9,1.9,50.0,70.3,0.0,4.71,,,9.4
108,서울,2024-10-15,19.2,17.6,21.9,0.5,3.7,1.8,77.0,85.0,0.0,4.59,,,7.3
108,서울,2024-10-16,18.2,14.4,24.2,,2.8,1.5,49.0,76.9,6.8,13.84,,,2.8
108,서울,2024-10-17,19.0,13.8,25.7,,2.7,1.7,46.0,70.4,7.5,14.7,,,4.4
108,서울,2024-10-18,17.4,16.2,18.8,47.1,5.1,2.5,74.0,86.1,0.0,1.54,,,9.6
108,서울,2024-10-19,16.6,12.4,21.1,1.0,6.9,3.3,60.0,75.0,2.1,8.19,,,6.6
108,서울,2024-10-20,13.4,10.5,17.8,,5.9,3.7,42.0,56.0,10.0,17.47,,,1.4
108,서울,2024-10-21,14.8,9.7,19.3,0.0,4.8,2.3,52.0,66.4,1.1,8.92,,,8.6
108,서울,2024-10-22,15.5,14.9,16.6,20.6,4.0,2.0,72.0,90.8,0.0,1.27,,,10.0
108,서울,2024-10-23,12.7,9.4,15.5,2.3,8.0,3.7,61.0,75.3,2.9,9.76,,,5.9
108,서울,2024-10-24,12.5,7.1,18.4,,5.2,1.8,49.0,71.4,9.9,16.03,,,0.0
108,서울,2024-10-25,14.9,8.7,21.5,,3.2,1.7,33.0,64.1,7.9,14.88,,,4.0
108,서울,2024-10-26,17.0,10.7,24.0,,3.4,1.8,45.0,68.3,9.7,16.04,,,2.8
108,서울,2024-10-27,16.0,14.0,18.8,0.0,2.9,1.6,67.0,79.4,0.2,5.27,,,8.3
108,서울,2024-10-28,15.7,12.3,20.4,0.0,4.5,2.1,60.0,75.9,1.9,8.92,,,8.3
108,서울,2024-10-29,15.0,13.4,18.3,0.0,4.6,2.3,49.0,64.6,0.2,6.22,,,6.0
108,서울,2024-10-30,15.7,11.4,21.4,,3.8,1.6,46.0,71.3,9.6,14.75,,,1.3
108,서울,2024-10-31,15.9,11.0,22.6,,2.5,1.4,42.0,67.8,9.4,14.38,,,1.8
108,서울,2024-11-01,15.3,12.9,18.7,,3.4,1.4,55.0,70.8,0.1,5.83,,,9.8
108,서울,2024-11-02,18.1,13.0,25.1,,4.6,1.9,41.0,58.9,9.6,14.31,,,1.8
108,서울,2024-11-03,17.6,13.0,23.5,0.0,4.3,2.4,47.0,71.1,8.2,13.13,,,2.5
108,서울,2024-11-04,14.8,8.9,18.3,0.1,5.5,2.9,32.0,62.0,6.7,11.74,,,5.3
108,서울,2024-11-05,9.1,5.6,14.7,,5.1,2.1,28.0,49.8,8.8,13.47,,,2.8
108,서울,2024-11-06,7.5,4.1,12.5,,4.9,2.5,29.0,46.1,9.7,14.98,,,0.0
108,서울,2024-11-07,7.8,1.6,15.7,,2.7,1.5,27.0,48.1,9.7,14.42,,,0.0
108,서울,2024-11-08,10.2,3.1,18.1,,2.7,1.5,33.0,50.8,9.6,13.87,,,0.8
108,서울,2024-11-09,12.9,6.8,20.3,,2.4,1.4,34.0,55.8,8.9,13.18,,,2.0
108,서울,2024-11-10,14.4,10.3,21.0,,3.1,1.8,45.0,64.0,6.8,11.42,,,3.9
108,서울,2024-11-11,14.6,9.7,21.8,,3.1,1.2,35.0,64.5,9.3,12.95,,,1.8
108,서울,2024-11-12,14.3,11.0,19.2,,4.2,2.2,44.0,66.8,9.3,13.02,,,2.4
108,서울,2024-11-13,14.2,8.3,21.3,,3.6,1.7,41.0,62.9,8.6,12.26,,,2.4
108,서울,2024-11-14,14.8,13.2,16.8,0.1,3.1,1.8,61.0,68.4,0.0,3.57,,,8.5
108,서울,2024-11-15,17.0,13.7,21.5,0.0,3.0,1.8,48.0,65.1,5.5,9.84,,,6.8
108,서울,2024-11-16,17.0,14.4,22.6,6.5,5.1,2.6,46.0,72.5,,,,,7.5
108,서울,2024-11-17,7.0,2.1,14.4,,5.2,3.6,31.0,47.6,4.1,8.47,,,5.0
108,서울,2024-11-18,2.8,-0.7,7.9,,5.7,2.3,21.0,30.9,9.3,13.68,,,0.6
108,서울,2024-11-19,5.7,0.3,11.3,,3.4,2.0,39.0,49.5,7.4,9.9,,,4.8
108,서울,2024-11-20,6.5,2.4,9.6,,2.8,1.3,49.0,65.8,0.3,3.75,,,7.6
108,서울,2024-11-21,9.7,6.0,14.1,0.0,4.3,2.2,54.0,71.9,3.2,6.57,,,4.8
108,서울,2024-11-22,6.2,3.3,10.6,,4.2,2.2,33.0,48.0,9.2,12.57,,,0.0
108,서울,2024-11-23,6.4,1.5,12.6,,3.4,1.7,35.0,47.1,9.2,11.87,,,1.4
108,서울,2024-11-24,7.4,2.6,14.2,,3.4,1.6,37.0,58.4,9.1,11.89,,,1.1
108,서울,2024-11-25,10.1,3.6,15.4,0.0,4.4,2.5,47.0,57.6,6.8,9.9,,,5.8
108,서울,2024-11-26,5.8,1.0,12.7,26.0,8.1,3.4,54.0,86.4,0.9,4.35,0.9,0.9,9.6
108,서울,2024-11-27,-0.4,-1.3,1.2,22.4,5.6,1.4,78.0,90.6,0.3,0.82,19.3,20.1,9.1
108,서울,2024-11-28,0.8,-1.7,3.4,4.9,4.9,1.8,63.0,82.0,4.5,8.16,8.5,28.6,5.4
108,서울,2024-11-29,0.2,-3.4,3.4,0.0,3.1,1.5,54.0,76.3,5.4,8.35,,12.3,2.4
108,서울,2024-11-30,2.5,-0.5,5.6,0.0,3.2,1.8,63.0,81.6,2.4,4.74,,7.9,4.1
108,서울,2024-12-01,5.2,1.6,8.2,0.5,4.0,2.4,78.0,89.3,2.4,7.01,,5.3,5.9
108,서울,2024-12-02,6.4,0.6,13.0,0.0,5.3,2.2,47.0,79.9,2.3,5.09,,,2.6
108,서울,2024-12-03,1.3,-2.4,5.2,0.0,4.5,2.4,26.0,48.6,8.9,11.61,,,3.0
108,서울,2024-12-04,3.1,-0.6,6.9,0.0,4.2,2.1,27.0,52.1,8.9,11.12,,,1.3
108,서울,2024-12-05,3.9,-0.1,8.8,1.8,5.7,2.3,29.0,62.8,6.7,9.89,,,2.5
108,서울,2024-12-06,2.1,-0.4,5.2,,6.7,2.5,33.0,49.3,9.1,11.69,,,0.1
108,서울,2024-12-07,0.2,-2.5,4.6,,5.0,2.5,40.0,56.9,7.2,10.86,,,0.9
108,서울,2024-12-08,-0.2,-3.9,4.1,,4.8,2.2,27.0,46.5,9.1,11.62,,,0.0
108,서울,2024-12-09,1.0,-3.8,7.4,,3.5,1.6,38.0,56.1,8.3,10.61,,,0.8
108,서울,2024-12-10,2.6,-1.9,6.9,,4.7,1.9,39.0,58.9,8.4,10.52,,,3.9
108,서울,2024-12-11,3.0,0.2,8.2,,3.3,1.6,37.0,50.3,6.9,8.65,,,4.6
108,서울,2024-12-12,0.5,-3.2,5.4,,4.9,2.1,27.0,45.8,6.7,10.06,,,4.5
108,서울,2024-12-13,1.0,-1.5,4.5,,5.0,2.2,30.0,42.1,5.2,7.14,,,5.0
108,서울,2024-12-14,-0.8,-3.6,2.5,,4.5,2.2,37.0,51.0,9.0,11.11,,,1.3
108,서울,2024-12-15,1.2,-2.2,5.4,0.0,5.6,2.4,33.0,54.1,6.0,8.76,,,2.8
108,서울,2024-12-16,-0.2,-3.3,3.9,0.0,3.8,1.2,39.0,65.9,3.8,5.61,,,3.1
108,서울,2024-12-17,-0.8,-3.5,3.8,,4.7,2.2,34.0,51.8,6.2,8.26,,,1.1
108,서울,2024-12-18,-3.4,-6.2,0.9,,3.9,2.2,33.0,47.1,9.0,11.38,,,0.0
108,서울,2024-12-19,-1.4,-6.7,4.9,,3.0,1.5,28.0,47.4,8.2,10.53,,,3.3
108,서울,2024-12-20,1.4,-2.1,5.3,0.4,3.0,2.0,48.0,60.9,1.4,4.9,0.5,0.5,9.1
108,서울,2024-12-21,-0.7,-4.7,1.9,2.9,5.4,2.8,55.0,74.1,2.0,4.03,2.4,2.7,5.3
108,서울,2024-12-22,-3.4,-7.7,1.0,,4.9,2.1,36.0,52.9,9.0,11.47,,1.4,0.0
108,서울,2024-12-23,0.3,-5.0,6.7,,4.5,2.2,38.0,58.5,7.3,10.29,,0.7,0.9
108,서울,2024-12-24,-0.4,-4.3,5.1,,3.4,1.4,31.0,50.3,9.0,11.06,,,2.1
108,서울,2024-12-25,2.7,-1.1,6.5,0.1,3.8,2.0,51.0,63.1,3.0,6.46,,,8.3
108,서울,2024-12-26,0.1,-4.8,4.2,0.0,5.6,3.4,37.0,57.9,8.6,11.1,,,0.8
108,서울,2024-12-27,-2.6,-5.9,1.8,0.0,5.8,2.7,35.0,51.4,7.3,9.29,,,2.3
108,서울,2024-12-28,-3.0,-6.7,1.1,,5.8,2.5,37.0,48.3,8.3,11.01,,,1.1
108,서울,2024-12-29,1.1,-4.2,6.1,,2.8,1.5,35.0,56.1,6.5,9.49,,,5.1
108,서울,2024-12-30,5.5,1.9,10.1,0.0,6.9,2.3,52.0,68.5,2.6,6.29,,,7.4
108,서울,2024-12-31,0.6,-2.0,4.9,0.0,5.0,2.6,28.0,45.8,9.0,11.57,,,0.0
108,서울,2025-01-01,2.6,-2.5,8.9,,5.1,2.2,49.0,64.3,5.6,8.55,,,2.6
108,서울,2025-01-02,0.5,-2.9,6.0,,4.9,2.1,24.0,48.8,9.0,11.03,,,0.8
108,서울,2025-01-03,-1.1,-5.1,3.2,0.0,4.6,2.2,27.0,52.0,7.7,9.9,,,3.1
108,서울,2025-01-04,-0.1,-5.4,5.7,,3.5,1.7,26.0,49.6,7.9,11.03,,,1.4
108,서울,2025-01-05,1.2,-0.7,2.5,6.7,3.5,2.5,56.0,85.0,0.0,1.03,6.4,6.4,9.4
108,서울,2025-01-06,1.0,-3.0,3.4,3.0,5.3,2.8,56.0,75.6,2.3,6.09,,3.9,6.3
108,서울,2025-01-07,-2.6,-5.7,1.5,0.1,6.2,2.7,37.0,53.5,7.0,10.13,0.4,0.4,2.0
108,서울,2025-01-08,-3.4,-6.1,0.2,0.0,6.0,2.7,41.0,55.1,4.9,8.02,,0.2,3.6
108,서울,2025-01-09,-9.7,-11.6,-6.1,0.0,7.6,4.2,31.0,38.4,8.5,12.36,,,0.1
108,서울,2025-01-10,-7.3,-12.2,-1.7,,3.0,1.6,36.0,48.0,9.2,12.17,,,1.5
108,서울,2025-01-11,-5.1,-9.5,0.4,,3.6,1.7,35.0,57.4,9.1,11.74,,,0.0
108,서울,2025-01-12,-3.4,-8.2,2.5,,3.4,1.8,36.0,59.9,7.7,9.9,,,0.8
108,서울,2025-01-13,-0.4,-5.6,4.1,1.3,4.0,1.7,56.0,76.9,2.2,6.1,0.1,0.1,6.1
108,서울,2025-01-14,2.3,-1.7,5.2,0.1,4.7,2.3,41.0,72.0,2.3,6.69,,0.1,5.0
108,서울,2025-01-15,-3.5,-5.3,-0.5,,5.3,2.9,23.0,40.8,9.2,12.74,,,1.0
108,서울,2025-01-16,-0.5,-4.9,2.8,0.0,4.7,2.0,47.0,65.1,0.2,2.91,,,6.8
108,서울,2025-01-17,-0.5,-4.9,5.6,,3.3,1.8,33.0,62.4,9.0,11.84,,,0.0
108,서울,2025-01-18,1.0,-4.0,7.5,,2.7,1.6,27.0,54.1,7.9,10.75,,,2.3
108,서울,2025-01-19,3.8,-1.2,9.0,,3.2,1.8,47.0,65.0,3.7,7.93,,,7.4
108,서울,2025-01-20,3.9,0.9,7.5,0.0,3.0,1.7,52.0,73.1,3.8,7.55,,,4.8
108,서울,2025-01-21,2.4,-1.0,6.3,,3.0,1.6,65.0,79.8,6.4,8.9,,,2.3
108,서울,2025-01-22,3.6,0.5,7.7,,3.6,1.9,39.0,70.3,5.5,9.42,,,3.4
108,서울,2025-01-23,2.0,-2.4,7.7,,3.3,1.6,24.0,54.3,9.3,13.06,,,0.0
108,서울,2025-01-24,3.1,-2.7,10.6,,3.0,1.5,24.0,45.9,9.4,12.68,,,0.0
108,서울,2025-01-25,5.2,1.2,11.4,,5.0,3.1,35.0,52.8,7.7,11.67,,,1.1
108,서울,2025-01-26,4.6,1.8,7.5,,5.0,2.8,38.0,50.5,1.9,6.98,,,8.0
108,서울,2025-01-27,0.2,-2.7,5.1,5.6,6.8,3.5,54.0,77.9,1.2,4.89,2.6,2.6,9.3
108,서울,2025-01-28,-3.9,-5.3,-2.5,0.1,7.3,4.0,58.0,71.3,0.6,5.74,0.4,2.8,8.4
108,서울,2025-01-29,-4.6,-6.4,-1.3,0.2,5.6,3.1,43.0,66.1,6.7,12.35,1.0,2.9,4.3
108,서울,2025-01-30,-3.8,-7.5,-1.0,,3.2,1.6,29.0,46.6,2.7,8.01,,0.4,6.6
108,서울,2025-01-31,-0.8,-2.6,0.7,2.4,4.0,2.1,40.0,80.1,0.0,1.83,2.9,2.9,9.4
108,서울,2025-02-01,1.6,-2.0,7.9,,2.9,1.6,51.0,74.3,7.3,11.15,,2.8,4.3
108,서울,2025-02-02,1.5,-2.5,6.8,0.0,4.4,2.0,41.0,67.1,7.8,12.04,,,3.5
108,서울,2025-02-03,-4.1,-8.2,0.6,,8.0,4.2,28.0,48.8,9.6,15.08,,,0.0
108,서울,2025-02-04,-9.0,-11.5,-5.3,,6.3,3.7,37.0,50.8,9.7,15.63,,,0.0
108,서울,2025-02-05,-8.6,-11.8,-3.7,,6.7,3.2,32.0,49.1,6.8,12.04,,,2.0
108,서울,2025-02-06,-5.6,-11.5,-0.2,2.3,5.0,1.7,32.0,59.9,5.9,11.43,3.3,3.3,3.1
108,서울,2025-02-07,-8.0,-10.7,-4.7,0.4,7.6,3.9,41.0,60.1,7.6,14.93,0.7,2.8,3.5
108,서울,2025-02-08,-7.9,-11.5,-3.4,,4.2,2.8,43.0,54.5,9.6,16.12,,1.5,0.0
108,서울,2025-02-09,-4.7,-9.6,1.7,,4.3,2.2,38.0,63.8,9.4,15.96,,0.7,0.3
108,서울,2025-02-10,-2.6,-7.5,2.6,0.0,4.7,2.1,44.0,61.0,7.2,13.55,,,1.3
108,서울,2025-02-11,0.5,-5.7,7.0,,3.7,2.0,38.0,59.8,9.4,14.77,,,2.1
108,서울,2025-02-12,0.5,-2.9,2.5,2.5,6.2,2.6,47.0,75.8,0.0,1.28,2.1,2.1,7.5
108,서울,2025-02-13,0.2,-5.8,6.1,,5.3,2.2,32.0,53.1,9.6,16.5,,0.5,0.0
108,서울,2025-02-14,3.7,-1.6,10.1,,4.1,1.9,32.0,67.4,9.5,14.75,,,1.5
108,서울,2025-02-15,4.1,0.4,7.8,,3.5,1.6,57.0,76.5,0.9,7.95,,,5.4
108,서울,2025-02-16,4.3,0.4,9.7,,5.0,2.5,52.0,75.6,3.4,9.32,,,5.0
108,서울,2025-02-17,-0.3,-3.4,3.5,,6.1,3.6,27.0,39.1,9.9,17.57,,,0.3
108,서울,2025-02-18,-2.3,-5.2,2.6,,6.6,3.4,21.0,40.3,9.9,17.73,,,0.0
108,서울,2025-02-19,-3.0,-5.8,1.2,,5.2,3.0,28.0,44.8,10.0,17.9,,,0.0
108,서울,2025-02-20,-2.9,-6.5,1.9,,5.6,2.7,28.0,43.3,10.0,18.07,,,0.0
108,서울,2025-02-21,-2.5,-6.4,2.6,,5.4,2.7,25.0,45.3,10.1,17.73,,,0.3
108,서울,2025-02-22,-2.3,-5.6,2.7,,5.1,2.7,30.0,49.1,10.2,18.11,,,0.0
108,서울,2025-02-23,-3.6,-6.5,0.5,,5.8,3.0,29.0,45.4,10.1,18.35,,,0.3
108,서울,2025-02-24,-1.3,-6.3,4.7,,5.5,2.3,28.0,49.8,10.3,18.74,,,0.0
108,서울,2025-02-25,2.1,-3.1,6.1,,5.7,2.9,52.0,72.6,5.4,11.46,,,4.8
108,서울,2025-02-26,3.7,0.7,9.1,,5.8,2.6,17.0,49.4,9.6,18.43,,,1.4
108,서울,2025-02-27,5.8,-2.0,14.2,,4.4,1.9,12.0,29.4,10.0,18.29,,,2.0
108,서울,2025-02-28,7.8,3.7,13.7,,3.3,1.5,27.0,52.4,3.4,10.43,,,3.9
108,서울,2025-03-01,8.5,3.4,13.0,0.6,3.8,2.0,48.0,68.5,1.7,7.53,,,7.4
108,서울,2025-03-02,8.3,2.2,15.6,11.8,7.8,3.7,29.0,68.0,0.4,5.25,,,9.8
108,서울,2025-03-03,3.1,1.0,7.1,10.4,8.7,6.3,47.0,63.5,6.6,16.28,1.1,1.1,7.5
108,서울,2025-03-04,2.5,0.9,3.4,4.0,6.7,4.5,54.0,68.3,0.6,5.68,3.4,3.4,9.3
108,서울,2025-03-05,4.8,2.3,9.2,0.0,3.6,2.2,48.0,63.3,1.6,9.18,,,6.6
108,서울,2025-03-06,4.8,-0.4,10.4,,4.3,2.3,36.0,55.1,10.5,19.3,,,0.4
108,서울,2025-03-07,5.3,0.0,11.1,,3.9,1.8,32.0,49.3,8.6,15.35,,,5.5
108,서울,2025-03-08,5.8,2.8,11.2,,5.0,2.2,22.0,55.0,9.0,17.83,,,3.5
108,서울,2025-03-09,6.9,1.2,13.5,,3.7,1.7,33.0,67.3,10.4,19.37,,,0.1
108,서울,2025-03-10,8.0,2.4,14.9,,4.6,2.1,29.0,59.8,10.5,19.27,,,0.8
108,서울,2025-03-11,9.4,2.9,16.6,,4.2,1.8,36.0,58.0,10.2,19.89,,,2.6
108,서울,2025-03-12,8.5,6.7,11.8,0.0,4.5,2.1,49.0,72.3,0.1,5.68,,,8.4
108,서울,2025-03-13,8.9,3.2,15.0,,4.8,2.4,22.0,54.6,10.5,18.93,,,5.3
108,서울,2025-03-14,12.4,5.0,20.1,,3.9,1.8,17.0,31.4,9.7,20.11,,,3.0
108,서울,2025-03-15,12.6,10.0,17.2,0.0,5.1,2.8,24.0,39.1,6.3,16.89,,,7.9
108,서울,2025-03-16,4.9,1.3,10.1,0.8,6.4,3.6,27.0,56.3,3.9,9.76,,,6.6
108,서울,2025-03-17,2.5,-1.3,6.8,0.4,5.2,2.9,21.0,46.0,9.5,19.33,0.3,0.3,5.1
108,서울,2025-03-18,2.1,0.3,5.6,9.9,6.4,2.8,49.0,70.6,3.8,10.7,8.7,8.9,7.9
108,서울,2025-03-19,2.4,-1.9,7.3,,4.8,2.4,26.0,49.5,11.3,22.71,,,1.0
108,서울,2025-03-20,8.2,2.2,15.0,,6.2,2.7,41.0,62.8,7.3,18.04,,,3.3
108,서울,2025-03-21,11.6,7.9,18.7,,5.0,2.9,34.0,61.3,9.5,20.44,,,2.4
108,서울,2025-03-22,12.8,6.1,19.9,,6.2,2.7,26.0,53.8,11.1,21.44,,,0.0
108,서울,2025-03-23,15.2,7.1,24.0,,4.8,1.9,25.0,49.0,8.9,19.96,,,4.0
108,서울,2025-03-24,15.5,11.7,21.3,0.0,5.8,3.0,39.0,56.1,7.6,18.71,,,6.1
108,서울,2025-03-25,12.7,8.4,21.4,,7.9,3.3,32.0,63.5,3.9,13.63,,,5.1
108,서울,2025-03-26,15.5,6.0,23.9,,4.4,2.2,20.0,46.4,10.0,20.83,,,3.4
108,서울,2025-03-27,13.7,7.1,18.6,0.3,7.1,3.2,30.0,65.1,1.9,8.16,,,8.9
108,서울,2025-03-28,6.5,3.1,11.8,,7.4,3.7,16.0,41.6,7.8,21.46,,,2.9
108,서울,2025-03-29,3.3,0.6,6.7,0.0,8.7,3.6,18.0,40.8,7.3,15.68,,,2.9
108,서울,2025-03-30,3.3,-1.8,7.6,0.0,6.2,2.8,28.0,51.1,7.1,14.39,,,2.9
108,서울,2025-03-31,7.7,1.2,14.1,,4.4,2.2,21.0,50.5,10.8,23.15,,,1.6
108,서울,2025-04-01,10.1,3.9,17.0,,4.1,1.8,23.0,53.0,10.2,22.77,,,0.6
108,서울,2025-04-02,8.9,5.2,14.4,0.0,6.0,2.4,23.0,55.4,4.6,12.07,,,6.3
108,서울,2025-04-03,9.8,3.6,16.9,,5.5,2.4,29.0,58.6,11.6,23.81,,,0.1
108,서울,2025-04-04,10.6,6.0,16.4,,5.1,2.2,29.0,54.5,10.4,23.53,,,2.1
108,서울,2025-04-05,8.0,7.5,9.5,22.8,4.0,1.9,57.0,86.1,0.0,2.17,,,10.0
108,서울,2025-04-06,10.3,6.9,15.7,0.0,5.1,2.8,36.0,67.3,9.6,22.7,,,3.1
108,서울,2025-04-07,13.5,5.5,20.1,,6.9,2.7,27.0,54.5,11.3,23.67,,,0.9
108,서울,2025-04-08,13.8,10.7,18.9,,6.0,3.1,28.0,55.0,9.2,23.34,,,3.5
108,서울,2025-04-09,12.7,8.4,18.0,0.8,5.5,2.0,30.0,51.6,2.2,12.49,,,9.0
108,서울,2025-04-10,13.2,8.8,19.1,0.0,5.5,2.2,40.0,60.6,9.7,22.16,,,2.0
108,서울,2025-04-11,16.2,8.1,24.2,,4.1,2.0,25.0,51.8,11.8,25.16,,,1.9
108,서울,2025-04-12,12.9,1.4,22.5,15.4,7.9,3.1,26.0,66.5,1.5,8.09,0.2,0.2,9.5
108,서울,2025-04-13,5.5,1.1,8.2,4.2,9.0,4.2,47.0,71.1,3.7,12.47,0.4,0.6,7.0
108,서울,2025-04-14,4.4,2.6,6.0,7.4,5.9,2.5,65.0,87.4,0.3,5.6,,,7.3
108,서울,2025-04-15,8.2,2.3,14.0,,6.2,2.7,39.0,70.3,12.1,26.94,,,2.1
108,서울,2025-04-16,14.6,6.4,21.9,,6.0,2.5,36.0,58.0,9.7,22.26,,,5.5
108,서울,2025-04-17,19.7,15.8,24.7,,4.9,2.6,47.0,63.5,2.9,15.0,,,6.1
108,서울,2025-04-18,18.6,15.4,23.7,0.0,4.4,2.4,36.0,67.9,5.0,15.19,,,6.0
108,서울,2025-04-19,15.3,12.2,20.0,9.2,8.0,3.0,70.0,89.1,0.0,2.93,,,8.6
108,서울,2025-04-20,16.7,9.5,24.1,,3.2,1.7,42.0,70.0,11.6,26.74,,,2.1
108,서울,2025-04-21,20.7,14.2,27.1,,4.6,2.2,42.0,65.3,7.7,22.78,,,5.0
108,서울,2025-04-22,17.8,14.2,20.4,34.8,3.9,1.5,75.0,87.8,0.0,3.12,,,7.4
108,서울,2025-04-23,16.8,10.9,22.9,,4.2,2.5,36.0,62.4,12.5,26.28,,,3.5
108,서울,2025-04-24,14.7,10.7,19.6,,6.2,3.1,25.0,52.4,12.2,27.27,,,0.9
108,서울,2025-04-25,12.5,7.7,17.8,,6.5,3.0,20.0,38.4,12.5,27.87,,,0.0
108,서울,2025-04-26,13.8,7.2,20.0,,6.0,2.8,36.0,53.1,12.0,27.29,,,0.0
108,서울,2025-04-27,14.9,10.7,19.1,,5.6,2.8,31.0,46.4,6.3,18.58,,,6.5
108,서울,2025-04-28,15.1,10.3,20.2,,6.3,2.7,18.0,45.6,12.5,27.28,,,1.0
108,서울,2025-04-29,14.8,8.2,21.0,,4.7,2.3,17.0,34.1,12.8,28.09,,,0.0
108,서울,2025-04-30,18.4,10.0,25.8,,5.9,2.6,20.0,36.3,12.0,27.73,,,2.4
108,서울,2025-05-01,14.7,11.3,17.6,21.1,3.8,2.2,27.0,69.6,0.0,2.15,,,7.3
108,서울,2025-05-02,13.4,8.2,18.5,0.0,5.7,3.1,34.0,59.3,9.1,24.67,,,5.6
108,서울,2025-05-03,11.2,9.5,14.0,7.3,5.3,2.3,47.0,80.5,1.2,7.6,,,6.9
108,서울,2025-05-04,13.7,8.2,19.9,,7.2,2.8,24.0,60.9,12.8,28.63,,,1.1
108,서울,2025-05-05,12.1,9.3,15.0,,5.0,2.3,53.0,64.5,0.3,7.03,,,8.0
108,서울,2025-05-06,14.4,8.5,19.5,,4.7,2.2,36.0,57.5,8.5,20.0,,,3.8
108,서울,2025-05-07,14.9,9.9,21.1,,5.1,2.2,39.0,61.5,12.3,27.9,,,2.0
108,서울,2025-05-08,17.4,9.7,24.9,,4.9,1.8,24.0,53.5,11.2,26.79,,,5.3
108,서울,2025-05-09,15.1,14.1,17.4,17.6,5.9,3.0,51.0,81.8,0.0,4.38,,,10.0
108,서울,2025-05-10,12.3,11.6,15.3,14.1,6.0,3.5,92.0,95.5,0.0,2.15,,,9.8
108,서울,2025-05-11,14.7,11.4,20.2,0.0,4.7,1.9,55.0,76.9,4.7,16.46,,,5.5
108,서울,2025-05-12,17.0,9.8,23.6,,5.7,2.1,36.0,62.6,12.7,28.93,,,0.0
108,서울,2025-05-13,19.9,13.3,25.8,,6.5,2.7,27.0,47.4,9.0,24.02,,,4.8
108,서울,2025-05-14,21.0,14.1,26.7,,5.6,2.4,31.0,52.8,11.7,26.31,,,3.5
108,서울,2025-05-15,19.5,16.8,22.2,1.1,4.4,2.3,67.0,80.9,0.8,9.9,,,8.9
108,서울,2025-05-16,19.4,17.8,22.0,51.3,4.2,1.8,85.0,92.6,0.0,3.75,,,9.8
108,서울,2025-05-17,18.3,14.7,24.3,2.2,6.0,2.6,62.0,86.4,6.0,17.36,,,6.4
108,서울,2025-05-18,15.6,11.4,21.0,,5.2,2.6,31.0,59.3,10.5,27.51,,,3.0
108,서울,2025-05-19,16.1,10.5,20.9,1.6,5.7,2.8,46.0,70.4,0.9,11.93,,,7.9
108,서울,2025-05-20,22.2,17.4,27.3,1.0,5.2,2.5,69.0,85.5,3.0,12.96,,,7.5
108,서울,2025-05-21,25.5,22.3,30.8,,4.7,2.1,54.0,75.5,7.0,22.19,,,6.5
108,서울,2025-05-22,23.9,20.0,28.5,0.8,3.8,2.1,39.0,68.0,6.1,22.94,,,5.6
108,서울,2025-05-23,19.4,15.4,22.2,1.2,4.4,2.8,36.0,53.8,0.0,9.19,,,9.4
108,서울,2025-05-24,15.6,13.0,19.3,4.3,4.6,3.1,53.0,69.1,0.3,10.54,,,8.1
108,서울,2025-05-25,17.4,11.7,22.6,,5.0,2.1,44.0,61.0,13.1,30.47,,,0.0
108,서울,2025-05-26,19.7,13.0,26.2,,4.0,1.7,36.0,59.4,12.3,26.71,,,4.9
108,서울,2025-05-27,20.8,14.7,27.0,,4.5,1.9,36.0,57.0,12.3,27.07,,,1.0
108,서울,2025-05-28,20.8,16.3,26.9,0.0,4.7,1.8,38.0,62.0,8.4,22.39,,,3.4
108,서울,2025-05-29,21.2,15.3,27.3,,4.5,2.2,34.0,58.4,11.7,26.56,,,2.0
108,서울,2025-05-30,22.2,16.7,28.3,,4.2,1.7,29.0,55.0,12.1,25.72,,,0.5
108,서울,2025-05-31,21.5,16.4,27.0,,3.6,2.0,36.0,55.0,7.3,21.39,,,6.1
108,서울,2025-06-01,22.6,17.0,29.3,,4.7,2.0,39.0,57.8,10.9,27.08,,,3.5
108,서울,2025-06-02,21.0,19.2,23.1,0.0,3.5,1.5,55.0,64.3,0.0,6.3,,,9.8
108,서울,2025-06-03,20.9,17.0,25.3,,5.9,2.9,37.0,56.9,11.9,27.24,,,1.6
108,서울,2025-06-04,20.5,15.2,25.3,,7.8,3.5,34.0,55.3,12.1,29.45,,,0.4
108,서울,2025-06-05,21.7,15.6,27.1,,5.3,2.3,29.0,49.8,12.5,28.99,,,3.1
108,서울,2025-06-06,24.1,17.7,30.0,,7.8,3.0,27.0,42.6,12.0,29.48,,,3.5
108,서울,2025-06-07,23.7,19.8,28.2,0.1,6.3,2.6,42.0,61.4,4.6,17.51,,,6.8
108,서울,2025-06-08,25.1,21.4,30.4,0.6,4.0,1.7,41.0,69.3,7.4,21.59,,,6.8
108,서울,2025-06-09,24.2,20.6,30.2,0.0,4.4,2.6,33.0,66.6,9.6,25.91,,,6.3
108,서울,2025-06-10,21.7,18.8,25.3,0.0,5.2,2.5,58.0,71.6,4.1,14.46,,,7.5
108,서울,2025-06-11,22.7,15.9,28.5,,4.8,2.4,36.0,54.6,13.5,31.05,,,2.3
108,서울,2025-06-12,25.5,17.9,33.1,,4.8,1.9,26.0,50.4,12.4,30.36,,,4.4
108,서울,2025-06-13,24.0,20.1,29.4,1.5,3.7,1.9,40.0,60.9,3.8,15.62,,,8.8
108,서울,2025-06-14,25.6,20.3,32.1,,4.1,2.0,47.0,66.3,5.9,21.02,,,4.8
108,서울,2025-06-15,26.3,21.7,33.2,11.8,5.7,2.5,43.0,69.6,7.8,22.08,,,7.9
108,서울,2025-06-16,23.0,21.8,25.1,20.0,5.7,2.7,79.0,87.8,0.1,5.19,,,9.3
108,서울,2025-06-17,24.8,21.1,29.6,,3.8,2.5,51.0,73.3,8.6,22.97,,,3.8
108,서울,2025-06-18,25.5,21.2,30.9,,4.1,2.0,45.0,65.3,10.3,26.88,,,3.0
108,서울,2025-06-19,28.1,21.1,34.2,0.8,5.0,2.0,33.0,57.9,8.8,23.77,,,5.8
108,서울,2025-06-20,24.1,22.2,28.3,51.1,8.3,3.9,68.0,93.4,0.0,2.92,,,10.0
108,서울,2025-06-21,22.0,20.5,24.2,0.2,5.1,2.1,71.0,88.1,0.0,7.0,,,9.8
108,서울,2025-06-22,23.3,18.1,28.6,,4.5,2.3,48.0,68.6,13.4,30.56,,,0.3
108,서울,2025-06-23,26.1,19.4,31.7,,4.1,1.8,45.0,64.8,12.8,27.7,,,1.3
108,서울,2025-06-24,25.0,20.5,28.0,2.3,4.8,2.6,43.0,63.4,0.2,10.18,,,8.9
108,서울,2025-06-25,20.9,19.5,22.1,8.0,4.7,2.5,72.0,88.9,0.0,5.11,,,10.0
108,서울,2025-06-26,22.2,19.9,24.2,1.1,3.6,1.7,76.0,85.3,0.1,7.23,,,8.4
108,서울,2025-06-27,25.0,21.1,29.3,0.0,3.2,1.4,62.0,78.1,3.1,12.92,,,8.6
108,서울,2025-06-28,26.2,24.5,28.1,0.6,3.1,1.4,77.0,85.0,0.0,7.13,,,9.3
108,서울,2025-06-29,27.1,24.9,30.2,0.0,4.1,2.3,61.0,77.1,2.5,12.41,,,6.1
108,서울,2025-06-30,28.2,25.6,31.2,,4.6,2.4,62.0,74.6,2.8,15.61,,,7.8
108,서울,2025-07-01,28.6,26.2,31.8,0.9,5.2,3.0,67.0,78.6,3.8,17.38,,,7.0
108,서울,2025-07-02,28.6,26.8,30.9,0.0,5.2,2.9,60.0,76.3,2.3,14.4,,,8.0
108,서울,2025-07-03,28.3,26.5,32.0,0.0,4.6,2.8,56.0,75.5,2.7,13.6,,,7.5
108,서울,2025-07-04,27.2,25.7,30.0,0.0,5.6,3.2,66.0,77.0,0.8,7.72,,,8.8
108,서울,2025-07-05,28.4,26.0,32.3,,4.5,2.8,58.0,72.9,3.0,14.77,,,8.1
108,서울,2025-07-06,29.1,26.3,32.8,,4.2,2.5,59.0,74.3,1.7,14.7,,,8.8
108,서울,2025-07-07,29.1,26.7,33.2,,3.6,1.9,65.0,79.0,2.5,11.21,,,5.8
108,서울,2025-07-08,31.3,26.9,37.8,11.8,6.8,1.9,48.0,72.5,8.4,22.64,,,4.3
108,서울,2025-07-09,31.9,27.4,36.0,,3.7,2.2,45.0,61.1,8.0,23.55,,,3.4
108,서울,2025-07-10,31.4,27.3,36.2,,4.9,2.9,33.0,46.6,13.3,29.95,,,0.4
108,서울,2025-07-11,30.2,24.6,36.1,,4.9,3.3,35.0,47.1,13.5,30.35,,,0.1
108,서울,2025-07-12,30.3,24.4,36.5,,4.0,2.3,28.0,47.5,13.2,30.02,,,2.6
108,서울,2025-07-13,27.7,25.6,31.0,0.0,3.2,1.5,55.0,66.8,1.7,10.39,,,9.0
108,서울,2025-07-14,24.2,21.7,28.1,13.6,4.0,2.0,60.0,78.3,0.5,7.19,,,8.4
108,서울,2025-07-15,23.6,21.5,25.9,4.0,5.0,2.3,71.0,84.1,0.6,10.03,,,9.3
108,서울,2025-07-16,23.3,22.2,24.8,73.1,4.9,2.1,74.0,90.1,0.0,2.34,,,9.6
108,서울,2025-07-17,23.3,22.0,24.4,75.5,4.6,2.1,85.0,94.3,0.0,4.77,,,10.0
108,서울,2025-07-18,24.7,22.9,27.2,16.1,3.1,1.7,80.0,89.5,0.3,7.44,,,9.5
108,서울,2025-07-19,23.9,21.9,25.8,84.0,3.9,2.0,87.0,95.4,0.0,3.79,,,10.0
108,서울,2025-07-20,27.7,25.0,31.3,14.8,5.2,2.8,63.0,82.8,5.7,16.69,,,7.1
108,서울,2025-07-21,28.5,25.6,31.6,0.0,5.0,2.3,64.0,77.4,5.8,18.81,,,5.6
108,서울,2025-07-22,28.8,26.6,32.2,0.1,5.2,2.7,57.0,75.6,6.6,20.43,,,6.4
108,서울,2025-07-23,28.9,25.5,33.3,,4.2,1.8,53.0,70.4,7.9,22.14,,,6.4
108,서울,2025-07-24,29.8,25.8,34.1,,3.6,1.9,48.0,68.0,9.2,24.91,,,5.1
108,서울,2025-07-25,31.1,25.6,36.3,,3.9,1.9,49.0,64.6,12.4,26.48,,,1.0
108,서울,2025-07-26,32.3,27.6,37.1,,3.3,1.7,42.0,61.9,11.0,24.32,,,2.9
108,서울,2025-07-27,32.8,28.3,38.0,,3.4,2.0,39.0,62.4,12.5,28.42,,,0.6
108,서울,2025-07-28,32.2,28.8,36.4,,3.8,2.0,47.0,67.3,11.9,27.0,,,1.6
108,서울,2025-07-29,32.0,27.6,36.7,,3.7,2.0,49.0,64.0,8.9,20.41,,,2.9
108,서울,2025-07-30,32.1,28.3,36.3,,3.8,1.7,38.0,62.9,5.6,19.51,,,7.3
108,서울,2025-07-31,30.9,29.3,34.6,,4.1,2.0,48.0,62.3,1.1,13.17,,,8.9
108,서울,2025-08-01,31.0,27.8,35.1,0.0,4.5,1.9,49.0,66.9,4.5,16.09,,,8.4
108,서울,2025-08-02,31.2,27.3,36.2,,3.5,1.8,45.0,62.1,8.7,20.88,,,5.4
108,서울,2025-08-03,28.8,24.0,32.5,1.3,4.5,2.0,52.0,69.0,0.2,8.08,,,9.0
108,서울,2025-08-04,28.1,23.7,33.9,1.9,4.5,2.2,53.0,75.5,3.9,16.35,,,7.1
108,서울,2025-08-05,29.1,25.4,33.5,,4.4,2.2,47.0,67.4,8.5,23.11,,,4.4
108,서울,2025-08-06,27.1,25.8,29.3,22.0,6.0,3.2,74.0,89.0,1.1,5.57,,,9.0
108,서울,2025-08-07,28.2,25.4,32.3,,4.3,2.7,49.0,70.8,10.2,27.18,,,4.0
108,서울,2025-08-08,26.6,23.9,30.2,6.3,4.0,1.6,62.0,74.8,1.7,8.76,,,6.3
108,서울,2025-08-09,24.9,23.1,26.4,3.5,2.9,1.4,71.0,82.1,0.3,5.37,,,7.4
108,서울,2025-08-10,27.3,21.0,33.2,,3.5,1.7,49.0,70.0,12.3,27.22,,,1.5
108,서울,2025-08-11,27.0,25.0,29.5,0.0,4.1,2.0,64.0,73.9,0.3,9.84,,,7.3
108,서울,2025-08-12,28.6,23.3,34.1,,4.7,2.2,36.0,62.9,12.0,26.6,,,3.8
108,서울,2025-08-13,25.1,22.0,27.1,126.7,5.8,2.6,70.0,91.8,0.0,1.92,,,9.6
108,서울,2025-08-14,25.5,24.2,26.9,47.8,4.4,2.2,80.0,91.1,0.0,6.29,,,9.3
108,서울,2025-08-15,27.1,24.4,30.9,0.0,3.4,1.7,68.0,84.3,4.9,14.89,,,4.6
108,서울,2025-08-16,28.2,25.5,32.2,,4.8,2.2,56.0,76.0,6.9,19.22,,,5.4
108,서울,2025-08-17,28.4,26.1,32.0,,4.0,2.3,55.0,76.3,1.8,16.43,,,8.1
108,서울,2025-08-18,28.9,27.0,32.9,2.2,5.5,3.0,51.0,75.6,5.4,19.92,,,8.1
108,서울,2025-08-19,29.1,26.9,32.3,,5.1,3.0,59.0,75.3,6.2,19.48,,,6.1
108,서울,2025-08-20,29.4,26.9,32.8,0.0,4.6,2.6,55.0,74.5,5.2,18.14,,,7.8
108,서울,2025-08-21,29.8,27.4,34.3,,4.1,2.2,50.0,70.6,7.5,21.66,,,5.8
108,서울,2025-08-22,29.4,26.1,33.5,,4.6,2.1,49.0,71.5,9.5,22.41,,,1.9
108,서울,2025-08-23,29.3,27.4,32.2,,4.3,1.9,66.0,74.9,3.6,11.71,,,4.3
108,서울,2025-08-24,30.2,26.9,34.7,,3.8,1.7,48.0,69.4,6.3,18.39,,,3.3
108,서울,2025-08-25,28.7,26.3,32.2,17.1,6.1,2.8,64.0,80.6,2.0,10.8,,,7.1
108,서울,2025-08-26,27.6,25.5,31.8,5.4,5.0,2.8,59.0,81.8,5.6,15.0,,,6.0
108,서울,2025-08-27,26.7,23.6,30.8,,3.8,1.6,50.0,73.8,2.6,9.76,,,6.5
108,서울,2025-08-28,28.3,24.7,31.0,,4.7,2.7,56.0,72.9,3.0,14.35,,,8.1
108,서울,2025-08-29,29.0,27.3,32.8,32.2,6.3,3.5,62.0,82.0,4.3,17.8,,,7.6
108,서울,2025-08-30,28.4,25.8,31.8,23.9,4.9,2.0,57.0,81.1,5.8,16.69,,,5.3
108,서울,2025-08-31,28.5,25.1,31.8,0.0,4.6,2.4,61.0,75.3,5.9,15.74,,,5.5
108,서울,2025-09-01,26.1,24.4,28.2,20.4,6.1,2.5,76.0,87.3,0.6,7.47,,,9.0
108,서울,2025-09-02,26.0,22.0,30.6,,3.2,1.6,53.0,74.6,9.1,20.32,,,3.0
108,서울,2025-09-03,27.6,22.6,32.1,,3.5,1.9,39.0,67.5,9.5,21.38,,,5.3
108,서울,2025-09-04,25.8,22.8,29.8,44.2,4.6,2.6,65.0,82.1,3.1,13.76,,,6.5
108,서울,2025-09-05,27.9,23.5,33.0,,3.5,2.2,52.0,68.5,7.9,20.45,,,4.3
108,서울,2025-09-06,26.8,25.4,30.4,36.1,7.1,2.4,70.0,86.6,1.2,8.94,,,8.3
108,서울,2025-09-07,25.3,22.3,28.3,0.2,3.3,2.1,56.0,77.5,1.7,12.58,,,7.1
108,서울,2025-09-08,24.4,20.6,29.5,0.0,3.7,1.8,47.0,73.0,3.9,16.17,,,8.0
108,서울,2025-09-09,23.7,21.4,26.9,0.0,3.2,1.6,55.0,71.9,1.0,9.73,,,7.3
108,서울,2025-09-10,24.8,18.4,31.5,,3.6,1.7,27.0,61.1,11.9,24.56,,,0.0
108,서울,2025-09-11,25.8,19.9,31.7,,4.2,2.5,36.0,57.6,11.8,24.11,,,2.8
108,서울,2025-09-12,23.9,21.1,26.3,6.8,4.4,2.7,54.0,68.8,0.3,7.7,,,9.5
108,서울,2025-09-13,23.3,20.4,27.6,63.7,4.1,2.4,59.0,81.0,,,,,8.9
108,서울,2025-09-14,24.8,21.5,29.3,,2.8,1.6,52.0,72.0,5.7,16.74,,,6.0
108,서울,2025-09-15,25.7,20.8,30.7,,3.0,1.5,50.0,71.6,9.4,18.66,,,4.3
108,서울,2025-09-16,23.7,22.2,27.1,17.5,5.6,1.5,77.0,86.8,0.7,5.11,,,7.5
108,서울,2025-09-17,22.7,21.2,24.0,52.7,4.8,1.7,86.0,92.0,0.4,3.54,,,8.5
108,서울,2025-09-18,22.1,19.6,26.0,,4.5,2.6,57.0,74.4,6.1,17.27,,,6.6
108,서울,2025-09-19,19.4,17.9,21.4,13.8,4.0,2.8,66.0,82.0,0.0,4.73,,,9.9
108,서울,2025-09-20,20.0,17.5,23.6,35.3,3.7,1.8,67.0,85.4,1.2,8.41,,,8.9
108,서울,2025-09-21,21.6,17.2,27.3,,4.2,2.1,48.0,67.0,10.2,22.01,,,4.1
108,서울,2025-09-22,21.3,17.6,25.1,,4.1,2.5,44.0,59.8,4.3,14.98,,,8.8
108,서울,2025-09-23,22.7,19.2,26.8,0.0,3.9,2.4,34.0,56.5,5.2,16.89,,,8.1
108,서울,2025-09-24,22.0,20.4,23.7,35.2,4.1,2.1,59.0,81.8,0.1,2.84,,,8.3
108,서울,2025-09-25,22.5,20.2,26.4,0.3,2.8,1.4,51.0,80.0,5.5,13.81,,,6.1
108,서울,2025-09-26,21.7,17.8,27.1,,2.9,1.4,56.0,78.1,8.1,18.53,,,3.0
108,서울,2025-09-27,22.5,17.6,27.2,,3.4,1.9,53.0,71.1,8.3,16.5,,,4.0
108,서울,2025-09-28,20.0,18.4,21.9,44.5,3.7,1.7,73.0,85.6,0.9,5.86,,,9.1
108,서울,2025-09-29,19.6,16.6,23.9,,3.2,1.5,57.0,77.8,4.9,11.97,,,4.0
108,서울,2025-09-30,19.8,17.3,24.0,,2.6,1.4,62.0,81.3,1.2,8.56,,,6.1
108,서울,2025-10-01,20.5,16.7,25.6,,4.7,1.7,54.0,78.1,4.7,12.23,,,4.8
108,서울,2025-10-02,21.4,17.3,25.8,,2.6,1.5,56.0,74.5,5.7,13.94,,,9.0
108,서울,2025-10-03,21.2,19.8,22.3,0.8,3.8,2.4,66.0,75.5,0.0,5.64,,,9.6
108,서울,2025-10-04,22.5,20.9,25.0,0.0,3.4,1.9,67.0,74.6,0.6,7.29,,,9.4
108,서울,2025-10-05,21.4,20.6,22.3,18.1,2.8,1.6,82.0,89.6,0.0,2.85,,,9.6
108,서울,2025-10-06,17.6,15.4,20.7,36.8,6.4,3.8,87.0,93.8,0.0,2.17,,,10.0
108,서울,2025-10-07,18.2,15.5,20.0,7.1,5.4,3.1,86.0,94.9,0.0,4.81,,,9.8
108,서울,2025-10-08,21.9,17.2,28.0,0.0,3.8,1.4,41.0,72.8,10.7,18.97,,,3.6
108,서울,2025-10-09,20.0,16.9,22.6,0.0,4.9,3.3,59.0,69.6,0.0,6.18,,,9.9
108,서울,2025-10-10,17.0,16.0,17.7,49.3,4.3,2.9,89.0,98.1,0.0,1.42,,,10.0
108,서울,2025-10-11,20.3,17.3,23.8,22.5,5.3,2.4,73.0,93.1,0.1,4.31,,,9.9
108,서울,2025-10-12,19.0,17.6,21.4,0.1,4.3,2.3,72.0,84.6,0.2,6.03,,,9.5
108,서울,2025-10-13,15.7,13.9,18.3,25.1,5.4,3.5,83.0,94.4,0.0,1.83,,,10.0
108,서울,2025-10-14,17.9,14.4,20.9,0.6,4.6,3.1,67.0,80.3,0.6,10.48,,,8.9
108,서울,2025-10-15,20.2,16.1,25.3,1.5,4.0,2.4,55.0,74.8,6.3,14.07,,,5.5
108,서울,2025-10-16,20.2,17.0,24.8,1.3,4.5,2.4,59.0,75.3,6.8,13.85,,,3.4
108,서울,2025-10-17,19.9,15.6,24.8,11.3,4.9,2.3,54.0,74.8,6.4,13.45,,,6.0
108,서울,2025-10-18,15.8,14.2,18.6,11.2,5.0,2.3,79.0,87.8,0.0,4.81,,,9.8
108,서울,2025-10-19,14.5,8.9,19.2,,5.2,2.8,57.0,71.5,5.1,11.43,,,4.6
108,서울,2025-10-20,10.0,5.3,16.5,,5.1,2.7,52.0,65.9,4.9,13.24,,,4.8
108,서울,2025-10-21,9.2,4.8,14.1,,3.1,1.6,53.0,68.3,5.8,11.48,,,5.3
108,서울,2025-10-22,13.1,6.6,18.6,,2.9,1.5,53.0,72.1,6.2,12.99,,,3.0
108,서울,2025-10-23,14.9,11.8,19.6,,3.4,2.0,54.0,70.3,4.3,9.49,,,3.8
108,서울,2025-10-24,15.8,11.3,21.5,,3.8,2.1,47.0,66.5,7.3,14.57,,,5.4
108,서울,2025-10-25,14.4,12.6,17.7,,4.1,2.1,45.0,66.9,3.9,8.78,,,6.9
108,서울,2025-10-26,12.2,10.6,13.9,0.5,5.1,1.7,49.0,70.1,0.0,4.55,,,7.4
108,서울,2025-10-27,8.1,3.7,12.2,,5.9,2.8,25.0,45.0,9.2,16.01,,,0.0
108,서울,2025-10-28,8.5,3.0,14.4,,2.9,1.4,23.0,52.4,9.0,15.43,,,0.5
108,서울,2025-10-29,11.4,6.2,18.3,,3.2,1.7,45.0,65.0,7.6,13.27,,,1.1
108,서울,2025-10-30,12.8,7.7,18.2,,2.8,1.5,49.0,70.3,6.7,11.38,,,5.5
108,서울,2025-10-31,15.1,11.3,20.7,0.1,5.4,2.0,43.0,69.9,2.5,10.42,,,8.1
108,서울,2025-11-01,12.9,10.5,17.7,2.4,4.5,2.3,29.0,73.0,8.1,14.23,,,3.8
108,서울,2025-11-02,8.0,3.7,11.7,0.2,6.8,3.1,37.0,57.0,8.1,14.4,,,1.9
108,서울,2025-11-03,7.2,0.5,14.7,,3.8,1.5,34.0,54.1,9.6,15.16,,,0.4
108,서울,2025-11-04,10.2,5.5,16.3,,3.5,1.5,41.0,60.6,9.0,13.64,,,0.9
108,서울,2025-11-05,11.6,5.7,19.0,,2.9,1.4,37.0,60.0,9.6,13.73,,,1.1
108,서울,2025-11-06,12.5,7.3,18.8,,3.8,1.6,49.0,69.9,8.1,11.64,,,3.8
108,서울,2025-11-07,13.9,8.3,19.9,,3.7,1.9,41.0,66.3,8.9,12.72,,,1.8
108,서울,2025-11-08,14.5,12.3,17.0,0.0,3.5,2.2,60.0,69.4,0.0,4.54,,,8.8
108,서울,2025-11-09,13.5,10.4,17.6,,5.2,2.6,33.0,64.1,7.6,12.2,,,1.8
108,서울,2025-11-10,8.3,5.4,12.7,,4.5,2.5,22.0,37.6,9.7,14.73,,,0.4
108,서울,2025-11-11,8.9,3.9,15.1,,3.5,1.6,39.0,57.6,8.3,12.67,,,2.8
108,서울,2025-11-12,10.8,6.0,17.7,,3.3,1.8,35.0,65.5,9.4,13.15,,,1.1
108,서울,2025-11-13,11.1,6.7,17.6,,3.9,1.7,34.0,65.4,5.8,10.16,,,3.6
108,서울,2025-11-14,9.1,4.5,15.1,,4.0,1.9,28.0,53.8,9.5,13.71,,,0.0
108,서울,2025-11-15,9.8,3.6,17.5,,2.8,1.3,21.0,49.1,8.9,12.76,,,1.3
108,서울,2025-11-16,11.6,5.5,18.7,0.3,6.1,2.4,24.0,58.4,7.9,12.32,,,3.6
108,서울,2025-11-17,3.2,-0.7,9.7,,6.6,3.7,25.0,37.4,6.7,10.53,,,4.8
108,서울,2025-11-18,1.6,-2.0,6.5,,4.6,2.3,30.0,47.1,9.1,13.11,,,0.8
108,서울,2025-11-19,3.0,-1.6,8.6,,3.3,1.6,27.0,50.1,9.3,12.53,,,0.0
108,서울,2025-11-20,7.4,1.6,14.6,,5.3,2.5,35.0,58.8,5.9,9.13,,,4.5
108,서울,2025-11-21,7.4,1.0,12.5,,5.6,1.9,29.0,58.5,7.5,11.77,,,3.1
108,서울,2025-11-22,9.6,5.4,15.1,,4.5,1.7,36.0,65.3,6.3,9.4,,,3.0
108,서울,2025-11-23,10.9,6.6,14.4,,4.2,2.1,59.0,69.6,0.6,4.46,,,8.0
108,서울,2025-11-24,12.4,9.6,16.8,,5.4,1.8,38.0,72.5,3.2,5.64,,,5.0
108,서울,2025-11-25,7.4,5.3,9.6,7.8,6.0,2.5,70.0,81.1,0.2,2.89,,,8.8
108,서울,2025-11-26,6.4,3.5,10.9,,3.2,1.5,47.0,66.4,5.4,8.77,,,3.5
108,서울,2025-11-27,5.1,2.5,8.7,10.0,5.7,3.0,63.0,77.4,0.3,2.69,,,6.4
108,서울,2025-11-28,2.3,-1.3,7.0,,3.9,2.0,32.0,56.4,9.2,11.93,,,0.3
108,서울,2025-11-29,5.7,0.3,9.3,0.1,3.4,2.3,42.0,57.1,2.9,5.95,,,5.5
108,서울,2025-11-30,12.4,9.1,16.1,,4.3,1.9,59.0,78.8,3.9,6.97,,,3.0
108,서울,2025-12-01,5.5,2.3,12.2,,5.7,3.1,31.0,50.5,9.1,11.8,,,0.8
108,서울,2025-12-02,0.1,-5.4,3.3,,6.3,3.3,25.0,41.1,8.5,10.19,,,2.1
108,서울,2025-12-03,-5.9,-8.1,-2.8,,6.0,3.2,28.0,41.4,8.4,11.25,,,0.6
108,서울,2025-12-04,-3.2,-9.4,3.5,4.0,6.2,2.3,22.0,49.6,8.7,11.57,5.1,5.1,1.4
108,서울,2025-12-05,-2.6,-6.9,2.5,,4.3,1.8,35.0,53.6,9.1,10.22,,4.9,1.8
108,서울,2025-12-06,2.1,-2.0,4.5,0.6,3.0,2.0,58.0,70.9,0.9,3.08,,1.9,8.1
108,서울,2025-12-07,8.3,3.4,13.4,,4.8,2.1,52.0,77.4,6.6,8.97,,,2.1
108,서울,2025-12-08,3.4,0.8,7.3,,4.6,2.3,29.0,45.4,9.1,11.63,,,0.0
108,서울,2025-12-09,2.8,-2.4,8.7,,3.8,1.7,42.0,59.0,6.0,8.53,,,2.5
108,서울,2025-12-10,4.9,0.7,8.6,,3.5,1.9,59.0,73.1,0.9,4.54,,,6.6
108,서울,2025-12-11,4.0,-1.8,8.4,12.9,5.6,2.7,43.0,68.3,4.0,6.37,,,4.8
108,서울,2025-12-12,2.0,-3.6,7.0,,3.3,1.9,45.0,56.3,6.9,9.57,,,4.5
108,서울,2025-12-13,2.6,-0.8,4.5,9.5,4.3,2.4,61.0,81.5,0.0,1.42,1.0,1.0,8.6
108,서울,2025-12-14,-0.1,-1.5,3.1,0.1,4.1,2.0,61.0,76.5,4.6,8.25,0.3,1.3,4.3
108,서울,2025-12-15,0.7,-3.5,4.5,,3.0,1.8,59.0,76.4,3.7,6.82,,,4.6
108,서울,2025-12-16,3.8,2.1,5.0,2.1,3.3,2.2,78.0,88.5,0.0,0.68,,,9.6
108,서울,2025-12-17,4.2,1.2,7.6,,4.8,2.1,55.0,72.8,7.5,9.52,,,3.1
108,서울,2025-12-18,2.3,-1.9,8.5,,3.3,1.7,36.0,60.6,8.9,10.59,,,0.0
108,서울,2025-12-19,4.9,-0.7,9.9,,3.5,2.1,51.0,66.5,3.6,6.14,,,4.3
108,서울,2025-12-20,7.3,1.0,10.7,0.3,5.1,2.2,44.0,74.1,0.0,0.67,,,7.3
108,서울,2025-12-21,-1.1,-3.4,2.5,,5.7,2.9,31.0,42.0,8.9,11.01,,,2.6
108,서울,2025-12-22,-0.7,-5.9,5.1,,3.7,1.8,22.0,44.8,8.8,10.79,,,3.9
108,서울,2025-12-23,2.6,0.1,4.3,10.8,5.5,2.4,44.0,70.9,0.0,1.56,,,9.0
108,서울,2025-12-24,2.8,-1.0,6.3,,4.0,2.4,57.0,79.0,5.0,8.27,,,4.1
108,서울,2025-12-25,-3.6,-8.9,0.0,,6.8,3.9,35.0,54.1,8.7,11.31,,,0.3
108,서울,2025-12-26,-8.2,-11.8,-4.0,,5.6,2.8,28.0,38.9,9.0,11.69,,,0.4
108,서울,2025-12-27,-2.6,-8.3,0.5,0.0,3.2,2.1,37.0,52.1,2.0,4.71,,,7.8
108,서울,2025-12-28,3.2,0.0,6.1,0.6,3.0,2.0,65.0,76.4,0.7,4.89,,,8.3
108,서울,2025-12-29,4.9,-0.1,9.1,0.3,5.0,2.1,46.0,74.1,4.9,6.42,,,3.1
108,서울,2025-12-30,-0.5,-3.7,3.8,,4.6,2.4,24.0,45.1,9.0,11.29,,,1.9
108,서울,2025-12-31,-5.6,-8.9,-1.2,,4.9,3.1,25.0,40.9,9.0,11.74,,,0.3
